,first_language,funding,school,fast_track,coop,residency,gender,prev_education,age_group,english_grade,first_term_gpa,second_term_gpa,high_school_average_mark,math_score
0,3,4,6,1,2,2,2,1,3,7,2.5,2.0,74.51,33.44
1,1,1,6,2,1,1,1,2,3,9,4.25,3.923077,92.0,41.0
2,3,4,6,1,2,2,2,2,3,8,3.020833,2.321429,79.96,34.39
3,1,2,6,1,1,1,1,2,3,9,4.275,4.326923,97.0,37.38
4,1,2,6,2,1,1,2,2,3,9,4.357143,4.326087,101.0,45.0
5,1,2,6,2,1,1,2,1,1,7,2.210526,1.375,68.0,20.0
6,1,2,6,2,1,1,2,1,1,9,2.045455,2.961538,79.0,34.0
7,1,2,6,2,1,1,1,1,2,9,4.285714,3.608696,98.0,39.0
8,1,2,6,2,1,1,2,1,1,7,2.863636,1.3,78.0,29.0
9,3,4,6,1,2,2,2,2,3,8,2.75,2.75,76.53,41.0
10,1,2,6,2,1,1,2,1,2,7,2.125,2.136364,73.0,18.0
11,1,2,6,2,2,1,2,1,1,9,1.46,0.0,81.0,17.0
12,1,2,6,2,2,1,2,1,4,7,4.421053,4.315789,95.0,38.0
13,3,4,6,2,2,2,2,1,4,8,3.791667,3.979167,87.57,47.0
14,3,4,6,1,2,2,2,2,3,10,3.717391,3.895833,94.02,47.29
15,1,2,6,2,2,1,1,2,8,9,4.233333,4.277778,87.62,38.56
16,3,8,6,1,2,1,2,2,8,7,3.413043,3.346154,83.59,39.1
17,3,4,6,1,2,2,2,2,3,4,3.375,3.696429,85.68,42.11
18,3,4,6,2,2,2,2,1,3,10,3.785714,3.431818,86.51,48.0
19,3,4,6,1,2,2,2,2,3,8,3.58,3.346154,84.55,42.15
20,1,2,6,2,2,1,2,1,1,9,3.086957,2.65625,80.0,28.0
21,1,2,6,2,2,1,1,2,3,9,4.5,4.421053,97.44,32.0
22,3,4,6,1,2,2,1,1,3,9,3.6,3.190476,85.46,41.7
23,3,4,6,2,2,2,2,2,3,8,3.425,3.175,85.31,43.35
24,3,4,6,2,2,2,2,1,2,9,3.770833,3.5,87.78,48.0
25,3,2,6,2,1,1,2,2,6,8,2.071429,3.166667,73.87,41.0
26,3,2,6,1,2,1,2,2,8,8,2.55,3.022727,71.66,32.6
27,3,4,6,1,2,2,1,2,2,8,3.782609,3.269231,86.62,41.94
28,3,4,6,1,1,2,1,2,3,7,3.979167,4.037037,92.35,46.99
29,3,4,6,2,2,2,2,2,1,8,2.645833,3.020833,77.8,39.0
30,1,2,6,2,2,1,2,2,3,9,4.5,4.5,97.0,43.0
31,3,2,6,2,1,1,1,0,4,9,3.065217,3.210526,76.69,26.0
32,3,2,6,2,2,1,2,1,2,9,2.125,1.409091,81.0,31.0
33,1,2,6,2,1,1,2,1,2,7,1.6,2.566667,68.0,21.0
34,3,4,6,2,2,2,1,1,1,9,4.225,4.428571,93.1,46.0
35,3,4,6,2,2,2,2,1,2,8,3.595238,3.0,87.95,48.0
36,1,2,6,2,2,1,2,1,3,9,3.82,3.611111,85.0,20.0
37,1,2,6,2,2,1,1,2,4,9,3.928571,4.190476,85.34,40.0
38,1,1,6,2,1,1,2,1,1,9,2.565217,2.153846,83.0,25.0
39,3,2,6,2,1,1,2,1,2,4,2.52381,1.823529,60.0,16.0
40,1,2,6,2,2,1,1,1,2,9,4.309524,4.095238,95.0,48.0
41,3,4,6,1,2,2,2,2,3,4,3.865385,3.844828,92.85,47.0
42,1,2,6,2,2,1,1,1,1,10,2.05,2.555556,76.0,23.0
43,1,2,6,2,1,1,1,2,3,9,3.47619,2.975,87.0,32.0
44,3,4,6,1,1,2,1,1,3,8,3.304348,3.326923,84.43,41.54
45,1,2,6,2,2,1,2,2,2,7,1.105263,0.0,82.0,22.0
46,3,4,6,2,2,2,2,2,1,8,2.23913,2.361111,79.38,32.0
47,1,2,6,2,2,1,2,1,1,7,3.54,2.521739,81.0,34.0
48,1,2,6,2,1,1,2,1,1,7,3.526316,2.477273,78.0,19.0
49,1,2,6,2,1,1,2,1,1,9,1.78,2.1814006099999994,87.0,28.0
50,1,2,6,2,2,1,2,1,4,9,4.38,4.425,74.0,26.0
51,3,4,6,2,2,2,2,1,2,9,3.027778,2.235294,76.29,29.0
52,3,4,6,1,2,2,2,1,3,8,2.309524,3.043478,73.93,36.42
53,3,4,6,1,2,2,2,2,3,8,2.875,3.068182,77.53,35.02
54,1,2,6,2,2,1,1,1,6,9,3.826087,3.704545,80.0,26.0
55,1,2,6,2,2,1,2,1,3,9,3.32,1.333333,74.23,32.0
56,1,2,6,2,1,1,2,1,1,9,2.875,2.795455,88.0,43.0
57,3,2,6,2,1,1,1,1,2,8,3.456522,3.52381,90.0,40.0
58,1,1,6,2,1,1,2,1,1,9,2.695652,2.630435,73.0,29.0
59,3,4,6,1,2,2,2,2,3,8,3.06,3.304348,86.81,45.0
60,3,4,6,1,2,2,2,1,3,9,3.277778,3.44,84.11,41.22
61,3,2,6,2,1,1,2,0,3,9,0.2,0.0,17.0,23.0
62,1,2,6,2,2,1,1,1,2,9,2.94,1.727273,75.0,19.0
63,1,2,6,2,2,1,2,0,4,9,0.0,1.3206654099999993,50.0,26.0
64,3,4,6,2,2,2,2,1,1,7,1.857143,1.6391887600000001,73.16,47.0
65,3,4,6,2,2,2,1,2,2,4,3.804348,3.714286,86.77,40.0
66,1,2,6,1,1,1,2,2,3,9,4.065217,3.72,74.0,34.64
67,1,2,6,2,2,1,2,1,2,7,1.526316,0.157895,48.0,21.0
68,2,2,6,2,1,1,2,1,2,7,1.710526,0.346154,63.0,10.0
69,3,4,6,2,2,2,1,2,1,8,2.956522,3.52381,80.3,35.0
70,3,4,6,2,1,2,2,1,2,8,2.157895,3.552632,75.0,49.0
71,3,2,6,2,2,1,2,2,5,10,4.02381,4.184211,84.53,44.0
72,1,2,6,2,2,1,2,1,3,9,1.975,0.0,69.0,30.93
73,1,2,6,2,2,1,2,1,1,7,0.4375,0.0,72.0,20.0
74,1,2,6,2,2,1,2,0,4,7,3.925,3.02381,83.53,39.0
75,1,2,6,2,1,1,2,1,1,9,2.571429,2.388889,87.0,38.0
76,1,2,6,2,2,1,2,1,3,3,3.4,3.326087,79.0,35.0
77,3,4,6,1,2,2,1,1,3,7,3.521739,3.288462,86.82,42.23
78,3,4,6,2,2,2,2,1,3,8,0.543478,0.0,66.89,27.0
79,1,2,6,2,1,1,1,1,1,10,2.369565,2.6875,86.0,22.0
80,3,4,6,2,2,2,1,1,1,4,3.347826,2.704545,80.41,31.0
81,3,4,6,1,2,2,2,2,3,9,3.456522,2.98,86.33,42.74
82,3,4,6,2,2,2,1,1,1,7,1.8062865400000008,1.7319044000000006,70.65,19.0
83,1,2,6,2,1,1,2,1,1,9,3.880952,3.434783,82.0,42.0
84,1,2,6,2,2,1,2,1,1,9,1.541667,1.934783,74.0,24.0
85,1,2,6,2,1,1,2,1,1,9,3.56,3.318182,80.0,29.0
86,1,2,6,2,1,1,2,1,1,7,0.157895,0.0,77.0,19.0
87,3,4,6,2,2,2,2,1,2,8,3.854167,3.66,90.08,49.0
88,1,2,6,2,2,1,2,1,2,7,2.58,2.282609,67.0,19.0
89,1,2,6,2,2,1,2,2,3,9,3.882353,3.605263,84.0,25.0
90,1,8,6,2,2,1,2,1,7,9,2.210526,2.363636,59.93,16.0
91,3,2,6,2,2,1,1,2,7,10,4.217391,4.333333,88.64,46.0
92,1,2,6,2,2,1,2,1,2,7,3.354167,3.681818,81.0,20.0
93,1,2,6,2,1,1,2,1,3,9,2.928571,2.375,65.0,36.0
94,3,4,6,2,1,2,2,1,3,10,3.452381,1.090909,79.69,47.0
95,1,2,6,2,1,1,2,1,2,9,3.068182,2.977273,77.0,32.0
96,3,4,6,2,2,2,2,1,2,10,3.818182,3.75,88.84,47.0
97,1,2,6,2,2,1,2,1,1,7,1.230769,1.625,72.0,23.0
98,1,2,6,2,2,1,2,1,1,9,3.916667,3.815789,93.0,39.0
99,1,2,6,2,1,1,2,1,2,7,1.176471,1.95,52.0,16.0
100,3,4,6,1,2,2,2,2,3,4,2.275,1.9,74.79,33.78
101,1,2,6,2,2,1,2,1,1,10,3.875,4.119048,85.0,40.0
102,1,2,6,2,2,1,2,0,3,8,1.568182,1.1412306499999996,60.0,29.0
103,1,2,6,1,2,1,1,2,3,9,4.434783,4.46,96.56,38.3
104,3,4,6,1,2,2,1,1,3,7,2.416667,2.365385,73.56,29.29
105,3,2,6,2,1,1,2,1,1,7,1.59375,2.978261,74.56,36.0
106,3,4,6,1,2,2,2,2,3,8,2.304348,1.809524,75.46,33.61
107,3,4,6,1,2,2,1,2,3,4,3.5,3.5,87.62,44.61
108,1,2,6,2,2,1,2,1,1,7,0.0,0.0,77.0,29.0
109,1,2,6,2,2,1,1,1,1,9,4.095238,3.97619,102.0,37.95
110,3,4,6,1,2,2,2,2,3,8,3.354167,3.821429,83.48,41.69
111,3,4,6,1,2,2,2,2,3,8,0.0,0.04871658,72.35,39.51
112,1,2,6,2,1,1,2,1,3,9,3.083333,3.522727,96.0,42.0
113,1,8,6,2,2,1,2,2,8,9,4.261905,4.340909,84.87,38.0
114,1,2,6,2,1,1,1,2,3,9,4.23913,4.0,92.0,26.0
115,3,4,6,1,2,2,2,2,3,8,2.9,2.886364,77.63,35.3
116,3,4,6,1,2,2,1,2,4,8,3.5,3.692308,88.26,43.91
117,3,4,6,1,2,2,2,1,2,9,3.565217,3.28,84.25,40.51
118,1,2,6,2,2,1,2,1,2,9,1.525,0.0,73.0,16.0
119,1,2,6,2,1,1,2,1,1,7,2.0,1.388889,78.0,22.0
120,3,4,6,1,2,2,1,2,3,10,1.285714,1.458333,67.05,25.59
121,1,2,6,2,2,1,2,1,4,9,0.0,1.403207769999999,53.0,25.0
122,1,2,6,2,2,1,2,1,3,9,3.409091,3.194444,48.0,15.0
123,3,4,6,1,2,2,2,2,3,10,3.173913,3.18,84.25,42.4
124,3,4,6,2,2,2,2,1,3,8,2.1,2.386364,71.26,44.0
125,1,2,6,2,2,1,2,1,1,9,3.025,3.275,82.0,29.0
126,3,4,6,1,2,2,2,1,3,8,2.434783,2.307692,74.09,33.14
127,3,4,6,2,2,2,2,2,1,9,3.568182,3.236842,88.08,45.0
128,3,2,6,2,2,1,2,1,1,9,2.90625,1.884615,79.0,27.0
129,3,2,6,2,2,1,1,2,3,4,3.35,3.361111,89.74,46.0
130,2,2,6,2,2,1,2,2,6,8,4.131579,3.891304,86.88,46.0
131,1,2,6,2,2,1,2,1,3,10,4.357143,4.409091,85.0,48.0
132,1,2,6,1,2,1,2,2,7,10,4.076923,4.434783,93.0,41.0
133,1,2,6,2,2,1,1,1,1,7,0.947368,2.03125,78.0,14.0
134,1,2,6,2,2,1,2,2,7,9,4.08,4.175,85.57,21.0
135,1,2,6,2,2,1,1,2,2,9,3.895833,3.857143,86.0,21.0
136,1,2,6,2,2,1,2,1,2,7,2.289474,2.478261,67.48,15.0
137,1,2,6,2,2,1,1,1,1,9,3.16,3.545455,97.0,38.0
138,3,4,6,2,2,2,2,1,4,8,3.428571,3.4,88.48,43.0
139,1,2,6,2,2,1,2,1,2,9,3.541667,3.021739,90.0,30.0
140,3,4,6,2,2,2,2,2,1,9,3.904762,2.590909,85.03,42.0
141,3,5,6,2,2,2,1,1,3,8,4.285714,4.019231,93.6,49.0
142,3,4,6,1,1,2,2,2,3,4,3.942308,3.769231,93.07,47.02
143,3,4,6,1,2,2,2,2,5,7,3.673913,3.942308,86.63,44.22
144,1,2,6,2,1,1,1,1,1,9,3.880952,3.0,90.0,43.0
145,1,2,6,2,2,1,2,1,1,3,3.52,3.391304,89.0,40.0
146,3,2,6,1,1,1,2,2,7,10,3.916667,3.769231,91.05,44.46
147,3,5,6,2,2,2,2,1,2,7,3.708333,3.25,87.31,48.0
148,1,2,6,2,2,1,2,1,1,9,3.804348,3.565217,83.0,39.0
149,1,2,6,1,2,1,1,2,5,10,4.021739,3.74,88.48,37.18
150,3,4,6,1,2,2,2,1,4,7,3.041667,3.303571,80.42,33.27
151,1,2,6,2,2,1,2,1,2,7,2.421053,1.076923,67.0,24.0
152,3,2,6,2,2,1,2,2,3,8,2.833333,3.318182,79.86,29.06
153,1,2,6,2,1,1,1,2,3,9,4.304348,4.0,97.0,44.0
154,3,2,6,2,2,1,2,2,6,10,4.238095,3.891304,85.57,48.0
155,3,4,6,1,2,2,2,1,4,9,3.568182,3.148148,85.35,41.0
156,3,4,6,1,2,2,2,1,3,10,4.022727,3.796296,92.66,47.74
157,3,4,6,2,2,2,2,2,1,10,2.416667,3.527778,84.93,49.0
158,1,2,6,2,2,1,2,1,3,9,0.0,0.0,73.16,28.680999999999997
159,3,4,6,2,2,2,2,2,2,10,4.434783,4.277778,92.77,49.0
160,1,2,6,2,2,1,2,1,2,3,2.090909,1.833333,60.0,17.0
161,1,1,6,2,1,1,2,1,4,9,3.04,3.083333,61.0,27.0
162,3,4,6,1,2,2,2,2,4,8,2.891304,2.788462,76.87,34.39
163,1,2,6,2,2,1,2,2,3,9,3.55,3.6,81.0,37.0
164,3,4,6,1,2,2,2,1,3,3,2.386364,2.0102155699999984,72.93,34.0
165,3,4,6,1,2,2,2,2,3,9,2.15,2.054675139999999,74.49,28.0
166,3,2,6,2,1,1,1,1,1,7,0.0,0.0,63.0,26.0
167,1,2,6,2,2,1,2,1,1,7,0.0,0.0,72.0,37.0
168,1,2,6,2,1,1,2,1,2,2,0.0,1.45,45.0,18.76
169,3,4,6,2,2,2,1,2,2,10,3.857143,3.568182,85.86,38.0
170,3,4,6,1,1,2,2,1,3,8,3.833333,3.464286,85.74,43.12
171,3,4,6,2,2,2,2,2,1,8,4.0,3.630435,86.59,45.0
172,1,2,6,2,1,1,2,1,1,8,3.227273,3.136364,74.0,41.0
173,3,2,6,2,2,1,2,2,2,9,3.043478,3.166667,85.0,38.0
174,1,2,6,2,2,1,2,1,3,8,3.547619,3.282609,54.0,12.0
175,1,2,6,2,2,1,2,1,4,7,3.078947,2.636364,68.0,22.0
176,1,2,6,2,2,1,2,1,3,7,0.24,0.0,58.09,17.0
177,3,4,6,2,2,2,2,2,1,8,2.722222,2.659091,79.46,21.0
178,3,4,6,1,2,2,2,1,3,7,2.55,2.772727,73.28,34.17
179,3,2,6,2,1,1,1,2,5,4,3.5,3.416667,80.0,43.0
180,3,4,6,1,2,2,1,2,3,8,3.06,2.538462,81.48,42.18
181,3,4,6,1,2,2,2,2,3,10,2.525,2.261905,79.41,31.28
182,1,2,6,2,1,1,2,1,1,7,0.54,0.97056479,66.0,24.0
183,3,2,6,2,2,1,1,2,3,10,3.568182,3.763158,94.0,38.0
184,1,2,6,2,2,1,2,1,1,7,3.272727,1.5,76.0,27.15
185,3,4,6,1,2,2,2,1,3,10,2.521739,2.7,79.23,38.46
186,3,5,6,2,2,2,2,1,5,8,4.065217,3.934783,83.7,49.0
187,3,4,6,1,2,2,2,1,3,7,3.222222,3.448276,83.45,41.09
188,3,4,6,2,2,2,2,0,6,10,4.159091,4.236842,84.2,48.0
189,3,4,6,2,2,2,1,2,2,8,0.0,0.09616478,77.42,35.03
190,1,2,6,2,2,1,1,1,3,9,2.357143,2.970588,81.0,32.0
191,1,2,6,2,2,1,1,2,3,9,4.194444,4.055556,94.0,36.76
192,1,2,6,2,2,1,1,2,3,9,4.095238,4.222222,102.0,33.98
193,3,4,6,2,2,2,2,1,3,8,3.729167,3.729167,87.98,45.0
194,3,2,6,2,2,1,2,1,3,7,3.454545,2.871670019999999,78.0,23.0
195,3,2,6,2,1,1,1,1,1,7,3.08,2.65,85.0,35.0
196,3,2,6,2,2,1,1,2,6,4,3.5,2.846154,88.12,47.0
197,1,2,6,2,1,1,2,2,3,9,3.0,2.5466148899999994,83.0,26.0
198,3,4,6,2,2,2,2,1,2,7,2.447368,2.394737,73.48,35.2
199,3,2,6,2,2,1,2,1,2,4,0.0,0.04904546,55.0,12.0
200,1,2,6,2,2,1,2,1,1,7,0.0,0.0,72.0,29.0
201,1,2,6,2,2,1,1,2,3,9,2.9,3.0,68.0,20.18
202,1,2,6,2,1,1,1,2,6,9,2.2,3.125,65.34,19.0
203,1,1,6,2,1,1,2,1,1,9,2.1,0.596154,71.0,22.0
204,1,2,6,2,2,1,2,2,3,9,2.04,1.159091,73.0,32.0
205,1,2,6,2,1,1,2,1,2,8,1.26087,1.1989475400000003,75.0,21.0
206,1,2,6,2,2,1,2,1,3,9,3.02,2.15,82.0,48.0
207,1,2,6,1,2,1,2,2,3,10,3.913043,2.833333,84.93,32.99
208,3,4,6,2,1,2,2,1,2,8,3.73913,3.809524,92.0,47.0
209,3,8,6,2,2,1,2,0,9,7,3.159091,3.409091,82.45,41.0
210,1,2,6,2,2,1,2,2,3,9,4.5,4.333333,104.0,37.86
211,3,4,6,2,2,2,2,1,2,10,2.472222,2.65625,88.0,42.0
212,3,4,6,2,2,2,2,1,1,9,3.021739,3.833333,81.36,39.0
213,1,2,6,2,2,1,2,1,1,7,1.9252619200000007,1.5668557200000008,66.0,17.0
214,3,4,6,1,2,2,2,2,3,8,3.759259,4.019231,94.37,47.13
215,1,2,6,2,1,1,1,1,1,9,4.22,4.136364,92.0,47.0
216,1,2,6,2,2,1,2,0,3,9,0.32,0.06583399,53.0,15.0
217,3,4,6,1,2,2,2,2,3,10,3.73913,3.571429,87.65,45.81
218,3,4,6,1,2,2,2,1,3,7,2.15,2.0357768899999993,71.45,35.86
219,1,2,6,2,2,1,2,1,1,7,2.428571,1.0,63.0,21.0
220,3,4,6,2,2,2,1,1,2,4,3.434783,3.428571,84.32,37.0
221,3,4,6,1,2,2,2,2,3,8,1.535714,1.117647,69.05,28.58
222,3,2,6,2,1,1,2,2,3,8,0.705882,0.7351386599999999,71.97,47.0
223,3,2,6,2,2,1,1,2,5,8,4.113636,3.977273,89.0,46.0
224,1,2,6,2,1,1,2,1,2,9,2.091732770000001,1.4441019699999997,64.0,21.0
225,3,4,6,1,2,2,2,1,3,7,3.4,3.090909,84.24,41.87
226,1,4,6,2,2,2,2,0,3,8,2.657895,1.888889,66.82,14.0
227,1,4,6,1,1,2,2,2,4,9,3.826923,4.347826,91.63,43.55
228,3,4,6,2,2,2,1,1,1,7,1.086957,1.45,70.29,26.62
229,1,2,6,2,2,1,2,1,1,9,3.28,2.795455,84.0,28.0
230,1,2,6,2,2,1,2,0,2,9,0.0,0.0,57.67,16.0
231,3,4,6,2,2,2,2,1,2,9,3.75,3.02381,87.46,46.0
232,1,2,6,2,1,1,2,1,2,9,0.0,0.11911490000000001,92.0,32.12
233,1,2,6,2,2,1,1,1,2,9,2.318182,0.0,63.0,17.0
234,3,4,6,1,2,2,2,2,3,9,4.057692,3.73913,89.74,46.24
235,3,4,6,2,2,2,2,1,2,7,1.973684,1.204545,72.21,40.7
236,3,2,6,2,2,1,2,1,2,4,2.300362220000001,1.830501009999999,74.0,33.0
237,1,2,6,2,2,1,2,0,3,7,2.571429,0.0,68.17,19.0
238,3,4,6,1,1,2,2,2,3,9,3.391304,2.547619,85.8,42.53
239,1,2,6,2,2,1,2,1,1,3,4.2,4.142857,83.0,25.0
240,3,4,6,1,2,2,2,2,3,10,2.73913,2.64,78.15,35.48
241,3,4,6,1,2,2,1,2,3,8,3.694444,3.166667,86.67,42.37
242,3,4,6,2,2,2,2,1,1,8,2.804348,3.0,81.79,42.0
243,3,4,6,1,2,2,2,2,3,8,3.0,3.153846,81.86,42.57
244,1,2,6,2,1,1,2,1,7,7,1.0,1.538462,65.0,19.0
245,1,2,6,2,1,1,2,1,1,9,1.071429,0.0,71.31,31.0
246,1,2,6,1,1,1,1,2,3,9,3.565217,4.0,86.0,36.65
247,1,2,6,2,2,1,1,2,4,9,4.309524,4.190476,81.0,39.0
248,3,4,6,1,2,2,2,1,3,9,2.033333,2.071429,72.16,39.33
249,1,2,6,2,1,1,2,2,2,9,3.047619,3.195652,79.0,34.0
250,3,4,6,1,2,2,1,2,3,8,3.409091,2.37037,83.67,41.39
251,3,2,6,1,1,1,2,2,4,10,4.18,4.152174,88.97,46.66
252,3,2,6,2,2,1,2,1,1,8,3.954545,3.045455,83.0,35.0
253,1,2,6,2,1,1,2,1,4,9,4.38,4.272727,73.0,31.0
254,3,4,6,2,2,2,2,1,3,10,3.0,3.45,84.06,44.72
255,3,2,6,2,1,1,1,2,3,10,3.4,3.4,91.0,33.0
256,3,4,6,1,2,2,1,2,4,8,3.217391,3.25,82.38,41.27
257,3,2,6,2,2,1,2,2,4,8,3.145833,1.619048,75.6,38.0
258,1,2,6,2,2,1,2,1,1,9,2.98,2.6,73.0,28.0
259,1,2,6,2,2,1,2,1,1,9,3.131579,1.25,73.0,20.0
260,3,4,6,2,1,2,2,1,4,8,3.909091,3.159091,87.92,49.0
261,3,4,6,2,2,2,2,2,1,8,4.090909,3.840909,87.21,45.0
262,1,2,6,2,2,1,1,2,4,8,4.176471,4.214286,79.0,38.23
263,1,2,6,2,1,1,2,1,1,7,3.026316,2.291667,72.0,25.0
264,3,2,6,2,2,1,1,2,3,8,3.619048,4.041667,87.02,45.0
265,3,4,6,1,1,2,2,1,3,8,0.26087,2.318182,71.76,43.0
266,1,2,6,2,2,1,2,1,1,9,3.54,2.142857,75.0,31.0
267,1,8,6,1,2,1,2,2,7,10,3.611111,3.851852,88.43,39.87
268,3,4,6,1,2,2,2,2,3,8,0.0,0.04871658,72.35,39.51
269,1,2,6,2,1,1,2,1,1,9,3.56,3.7,91.0,46.0
270,2,2,6,2,1,1,1,1,1,8,1.9633852200000004,2.0498822400000005,80.0,23.0
271,3,4,6,1,2,2,2,1,3,8,3.475,3.045455,85.22,41.28
272,1,2,6,2,1,1,2,1,1,9,3.145833,2.5,86.0,28.0
273,3,4,6,1,2,2,2,1,3,8,3.705882,3.673913,87.2,43.84
274,1,2,6,2,1,1,2,1,1,9,3.840909,4.26087,92.0,41.41
275,3,4,6,1,1,2,2,1,3,8,0.714286,0.0,70.47,37.29
276,3,4,6,2,2,2,2,2,3,8,3.825,3.225,82.89,43.3
277,3,4,6,1,2,2,2,2,3,10,3.5,4.02,89.91,45.21
278,3,4,6,2,2,2,1,1,3,8,4.130435,4.02381,90.21,42.0
279,3,4,6,1,1,2,2,1,3,8,2.921053,2.0,77.89,36.18
280,3,4,6,2,1,2,2,1,5,9,3.5,3.911765,79.31,35.0
281,1,2,6,2,2,1,2,1,1,7,1.94,2.5,69.0,36.0
282,1,2,6,2,2,1,2,1,1,9,3.5,2.934783,91.0,28.0
283,1,2,6,2,2,1,2,1,1,9,2.8,2.5656899899999996,76.0,23.0
284,1,8,6,2,2,1,2,0,6,9,2.97619,3.363636,72.04,30.0
285,3,4,6,2,2,2,1,1,3,3,4.086957,3.590909,85.25,43.67
286,3,4,6,2,2,2,2,1,2,10,4.285714,3.886364,87.81,44.0
287,1,2,6,2,1,1,2,2,1,7,2.852941,2.880952,83.0,25.0
288,1,2,6,2,2,1,2,0,1,9,2.404762,2.041667,64.0,19.38
289,3,4,6,1,2,2,2,1,3,7,3.055556,3.480769,83.37,41.95
290,1,2,6,2,1,1,2,1,2,9,2.7,1.815789,78.0,32.0
291,3,4,6,1,2,2,1,1,4,9,3.666667,3.58,85.98,41.45
292,3,4,6,2,2,2,1,1,2,8,2.847826,3.428571,78.36,32.0
293,1,2,6,2,1,1,1,2,3,9,2.921053,3.846154,93.0,43.0
294,3,4,6,2,2,2,2,2,3,4,2.880952,2.666667,74.55,37.0
295,3,4,6,2,2,2,2,1,2,2,0.230769,0.5138530700000001,68.23,39.0
296,1,2,6,2,2,1,2,1,3,4,1.954545,3.125,76.0,33.0
297,1,2,6,2,1,1,2,1,1,9,2.795455,2.543478,78.0,27.72
298,1,2,6,2,2,1,2,1,1,7,2.2,1.47619,82.0,23.0
299,3,4,6,2,2,2,2,0,1,8,0.0,0.09063071,63.92,48.0
300,3,2,6,2,2,1,2,1,2,9,2.388889,2.7,67.0,34.0
301,1,2,6,2,2,1,2,1,1,9,3.56,3.175,74.0,34.0
302,3,4,6,2,1,2,1,1,2,8,3.458333,3.38,86.84,42.54
303,1,2,6,2,2,1,2,1,2,7,0.45,1.5506752100000003,56.0,23.0
304,1,2,6,2,2,1,2,0,1,9,2.1,1.51910599,66.0,25.0
305,3,4,6,2,2,2,2,2,1,8,0.375,0.0,70.25,37.0
306,1,2,6,2,2,1,2,1,1,9,1.979167,1.605263,75.0,27.0
307,1,1,6,2,1,1,2,1,1,9,4.086957,3.673077,77.0,31.0
308,1,2,6,2,2,1,1,2,3,9,4.23913,4.1074540200000005,105.0,45.0
309,3,2,6,2,2,1,2,1,1,8,2.23913,3.095238,82.0,38.0
310,3,4,6,2,1,2,1,2,1,9,3.652174,3.625,88.6,47.0
311,3,4,6,1,2,2,1,1,3,8,3.68,3.68,87.62,45.71
312,3,4,6,2,2,2,1,1,2,9,4.043478,2.9810259700000006,87.44,46.0
313,1,2,6,2,2,1,2,1,1,9,3.086957,2.875,76.0,31.0
314,3,4,6,2,1,2,2,1,5,10,3.681818,2.021739,80.11,22.0
315,1,2,6,2,2,1,2,1,1,9,3.022727,2.5274068999999995,76.0,16.0
316,1,2,6,2,2,1,2,1,1,7,3.44,3.23913,78.0,24.0
317,3,4,6,2,2,2,2,1,2,4,0.0,0.1214375,74.09,38.0
318,1,2,6,2,1,1,1,1,2,7,2.545455,2.842105,67.0,24.0
319,1,2,6,2,2,1,2,1,1,3,1.34,0.3,68.0,20.0
320,1,2,6,2,1,1,1,1,3,7,2.730769,3.882353,75.0,29.0
321,3,4,6,2,2,2,2,1,2,7,0.46,2.84375,68.94,17.0
322,1,2,6,2,1,1,2,1,3,7,2.275,1.233333,73.0,24.0
323,3,2,6,2,2,1,2,2,7,8,4.282609,4.238095,81.94,48.0
324,1,2,6,2,1,1,1,1,4,8,3.916667,3.979167,86.0,50.0
325,3,4,6,2,2,2,2,1,2,8,3.464286,3.470588,85.78,38.0
326,1,2,6,2,1,1,2,2,4,9,4.275,4.363636,88.0,47.0
327,1,2,6,2,2,1,2,2,3,9,3.82,3.6,69.0,30.0
328,3,4,6,1,2,2,1,2,3,8,2.26,2.076923,78.14,31.77
329,1,2,6,2,2,1,2,2,7,8,4.225,3.911765,85.35,35.0
330,1,2,6,2,1,1,2,1,3,9,1.727273,1.9,67.0,37.0
331,1,2,6,2,1,1,2,2,1,9,3.272727,2.608696,89.0,28.63
332,3,4,6,2,1,2,2,1,4,8,3.979167,3.333333,84.3,48.0
333,3,2,6,2,2,1,2,2,5,10,4.214286,4.047619,79.37,49.0
334,3,4,6,1,1,2,2,1,3,8,4.0,3.5,85.27,45.51
335,1,2,6,2,1,1,1,1,1,4,0.695652,0.8341351399999998,69.0,18.0
336,1,2,6,2,2,1,2,1,1,9,2.0,0.0,73.0,33.0
337,1,2,6,2,1,1,2,1,2,9,2.547619,2.891304,78.0,27.0
338,1,2,6,2,2,1,2,2,3,9,2.733333,3.02381,67.0,41.0
339,3,4,6,1,2,2,1,1,3,10,3.9,3.928571,92.01,47.12
340,3,4,6,1,2,2,2,2,3,8,3.152174,2.865385,82.43,42.2
341,3,4,6,1,2,2,2,1,3,8,3.043478,2.730769,80.66,35.69
342,3,4,6,1,2,2,2,1,4,8,2.416667,2.708333,70.59,29.12
343,1,2,6,2,1,1,2,1,1,9,2.842105,0.736842,88.0,23.0
344,3,4,6,1,2,2,2,2,3,8,3.9,3.727273,87.2,44.18
345,1,2,6,2,1,1,2,1,2,3,0.0,0.54363638,72.0,15.0
346,3,4,6,2,1,2,2,1,3,10,1.730769,1.866667,71.31,35.0
347,1,1,6,2,1,1,2,1,1,7,2.891304,2.730769,82.0,20.0
348,1,2,6,2,1,1,2,1,1,9,3.277778,2.5,81.0,28.97
349,1,2,6,2,2,1,2,2,3,9,3.4,2.7241094199999996,70.0,33.0
350,3,4,6,1,2,2,1,1,4,8,3.586957,3.307692,85.89,41.41
351,3,4,6,2,2,2,2,1,1,9,2.456522,2.380952,77.89,37.0
352,1,2,6,2,2,1,2,2,2,7,2.25,2.2,83.0,24.95
353,1,2,6,2,2,1,2,1,1,9,0.0,0.0,50.0,16.0
354,3,4,6,1,2,2,2,1,3,8,2.456522,2.269231,74.29,33.05
355,1,1,6,2,1,1,2,1,2,7,3.543478,3.038462,76.0,28.0
356,1,2,6,2,1,1,1,2,4,9,4.152174,3.73913,83.0,25.0
357,3,8,6,2,2,1,2,0,7,10,4.386364,4.363636,83.5,49.0
358,3,4,6,1,1,2,2,1,3,8,3.738095,3.125,86.39,44.35
359,3,4,6,2,1,2,2,1,3,10,4.285714,4.413043,86.33,47.0
360,3,4,6,1,2,2,2,2,3,10,3.729167,3.653846,88.23,45.8
361,3,2,6,2,1,1,2,1,3,9,4.022727,4.0,97.0,45.0
362,1,2,6,2,2,1,2,1,1,9,2.825,3.0,77.0,28.0
363,3,4,6,2,2,2,2,0,4,10,4.25,4.175,81.95,47.04
364,3,4,6,2,2,2,2,1,2,8,3.875,3.979167,87.77,48.0
365,1,2,6,2,2,1,2,1,1,9,3.571429,2.717391,84.0,27.0
366,1,2,6,2,2,1,2,1,1,9,0.0,1.0,69.0,34.0
367,1,2,6,2,1,1,2,1,1,10,4.23913,4.095432649999998,83.0,45.0
368,1,2,6,2,1,1,2,2,2,9,2.227273,2.62963,75.66,33.0
369,3,2,6,2,2,1,2,1,3,9,3.479167,3.473684,78.0,16.0
370,1,8,6,1,1,1,2,2,7,9,4.4375,4.384615,95.72,48.0
371,1,2,6,2,2,1,2,2,4,9,3.64,3.047619,61.0,20.02
372,3,4,6,1,2,2,1,1,3,8,2.7,3.204545,76.34,30.97
373,1,2,6,2,2,1,2,1,3,7,3.3125,3.888889,57.0,20.42
374,3,4,6,2,2,2,2,1,3,8,1.6,2.0,68.69,25.0
375,1,2,6,2,2,1,2,0,3,4,0.357143,0.0,57.24,26.0
376,3,2,6,1,2,1,1,2,4,8,3.695652,3.596154,87.3,43.92
377,3,2,6,2,1,1,2,1,1,9,3.717391,3.152174,86.0,44.0
378,3,4,6,1,2,2,2,1,1,7,2.5,2.26,79.05,39.39
379,3,4,6,2,2,2,2,1,4,8,4.041667,4.041667,85.71,48.0
380,3,2,6,2,2,1,2,2,3,9,4.066667,3.431034,72.0,31.0
381,1,2,6,2,1,1,2,2,2,9,3.72,2.761905,84.79,26.0
382,1,2,6,2,2,1,2,1,1,7,0.84,0.0,74.0,23.654166666666665
383,3,2,6,2,2,1,1,2,1,4,4.065217,3.461538,84.79,40.0
384,1,2,6,2,2,1,2,0,2,7,0.0,0.13049999999999998,42.0,9.0
385,3,4,6,2,2,2,2,1,2,10,2.673913,3.138889,81.09,42.0
386,1,2,6,2,1,1,2,1,2,9,1.230769,3.0,74.0,37.0
387,2,2,6,2,1,1,2,1,1,9,2.340909,2.136364,87.0,33.77
388,3,8,6,2,2,1,2,0,7,4,3.52381,3.404762,85.96,42.18
389,1,2,6,2,2,1,2,1,1,1,0.0,0.0,68.0,28.0
390,1,2,6,2,2,1,2,2,3,7,3.3,2.727273,76.29,33.0
391,1,2,6,2,2,1,2,1,1,7,3.1,2.47619,78.0,19.0
392,1,2,6,2,2,1,2,1,2,9,3.0,3.275,87.0,24.0
393,3,4,6,2,2,2,2,1,3,8,3.934783,3.590909,84.72,48.0
394,1,2,6,2,2,1,1,1,3,9,2.4970601900000005,1.54031587,93.0,30.0
395,3,4,6,1,1,2,2,2,3,9,4.083333,4.277778,94.61,46.92
396,1,2,6,2,2,1,2,2,7,9,1.809524,1.954545,67.0,18.0
397,3,4,6,1,2,2,1,1,3,8,0.944444,0.0,68.95,29.15
398,3,4,6,1,2,2,2,1,3,9,3.175,2.952381,82.53,41.25
399,1,2,6,2,2,1,2,1,2,9,0.0,0.0,66.0,22.0
400,1,2,6,2,2,1,1,1,3,9,2.227273,2.590909,73.44,29.0
401,3,4,6,1,2,2,2,2,3,4,2.425,2.767857,72.31,34.07
402,1,2,6,1,1,1,1,2,4,9,4.166667,3.978261,97.0,37.51
403,1,2,6,2,2,1,2,2,4,9,2.92,1.777778,71.91,31.0
404,3,4,6,2,2,2,2,2,3,8,3.020833,2.130435,77.26,34.0
405,1,2,6,2,1,1,1,2,3,4,2.409091,2.826087,73.0,27.0
406,1,2,6,2,1,1,2,1,3,9,3.35,4.5,71.0,21.0
407,1,2,6,2,1,1,2,1,2,7,0.795455,1.0775826099999997,74.0,23.0
408,1,2,6,2,2,1,2,2,2,9,3.23913,3.25,86.78,46.0
409,1,2,6,1,2,1,2,2,7,9,3.108696,2.6,79.41,31.36
410,3,4,6,2,2,2,2,1,1,8,4.285714,4.16,83.31,50.0
411,1,2,6,2,2,1,1,2,3,9,4.264706,4.166667,101.0,32.85
412,3,4,6,2,2,2,2,1,2,8,2.104167,2.958333,75.0,48.0
413,3,4,6,1,2,2,1,1,3,10,3.565217,1.86,85.85,40.43
414,1,2,6,2,1,1,1,1,3,4,2.090909,1.53125,61.0,19.0
415,1,2,6,2,1,1,1,1,2,9,0.0,0.04086364,77.0,18.0
416,1,2,6,2,2,1,2,2,1,9,2.045455,2.11142331,86.0,28.0
417,3,2,6,2,2,1,2,2,6,9,4.166667,4.413043,87.28,45.81
418,1,2,6,2,2,1,1,0,3,9,2.047619,2.368421,71.59,29.0
419,1,1,6,2,1,1,2,1,1,9,3.130435,2.480769,79.0,28.0
420,3,4,6,2,2,2,2,1,2,4,2.525,3.388889,77.71,42.0
421,1,2,6,2,1,1,2,1,4,7,1.7769957200000013,1.1601109299999997,66.28,20.0
422,1,2,6,2,1,1,2,1,1,9,2.227273,1.394737,78.0,26.75
423,3,2,6,2,2,1,2,2,6,7,3.325,3.375,72.38,29.0
424,3,2,6,2,1,1,2,0,3,4,3.854167,3.791667,92.0,48.0
425,3,4,6,1,2,2,1,2,3,8,2.44,2.788462,74.31,29.21
426,1,2,6,2,2,1,2,1,2,8,3.263158,2.565217,85.0,27.9
427,1,2,6,2,1,1,1,1,2,9,3.217391,3.272727,73.0,27.0
428,1,2,6,2,2,1,2,0,4,4,2.47619,1.681818,57.0,29.0
429,1,2,6,2,1,1,2,1,1,9,4.0,3.884615,96.0,45.0
430,1,2,6,2,2,1,1,2,3,9,4.309524,4.142857,93.0,40.18
431,1,2,6,2,2,1,2,2,7,8,3.833333,3.28,84.52,46.0
432,1,2,6,1,1,1,2,2,3,9,4.0,4.083333,95.0,35.62
433,3,2,6,2,2,1,2,1,2,8,2.545455,1.025,69.0,30.08
434,1,2,6,2,2,1,2,1,1,9,1.54,0.3,62.0,26.0
435,3,4,6,1,2,2,2,2,3,10,4.113636,3.895833,93.61,47.36
436,1,2,6,2,2,1,1,2,3,9,4.021739,4.315789,95.0,30.0
437,1,2,6,2,1,1,2,1,1,9,2.928571,3.125,87.0,37.0
438,3,4,6,1,2,2,2,1,4,7,3.1,3.295455,80.9,33.04
439,3,2,6,2,1,1,2,2,2,8,2.071429,1.6015497500000007,74.0,21.0
440,3,4,6,2,2,2,2,1,3,4,4.065217,3.952381,85.89,47.0
441,3,4,6,1,2,2,2,2,3,8,3.88,3.788462,92.76,47.16
442,3,2,6,2,2,1,2,1,1,8,2.804348,3.25,80.0,21.0
443,1,2,6,2,1,1,2,2,2,9,3.0625,3.004850719999997,80.0,34.0
444,1,2,6,2,1,1,2,1,2,9,2.475,1.586957,71.0,33.0
445,3,4,6,1,1,2,2,2,3,10,3.94,3.148148,85.05,43.94
446,3,4,6,1,2,2,2,1,3,8,2.44,1.636364,73.1,33.11
447,3,4,6,1,2,2,1,1,3,9,2.166667,2.033333,74.24,29.95
448,1,8,6,2,2,1,2,0,5,9,4.357143,4.409091,84.29,34.0
449,1,2,6,2,1,1,2,2,4,10,4.111111,3.5,80.0,47.0
450,3,4,6,2,2,2,1,2,1,8,3.23913,3.309524,79.13,26.0
451,3,4,6,1,2,2,2,1,4,7,2.478261,2.576923,70.79,28.89
452,3,4,6,2,2,2,2,1,2,7,2.565217,2.0,77.15,42.0
453,3,8,6,2,2,1,2,0,7,8,3.869565,2.782609,84.01,38.0
454,3,4,6,1,1,2,2,2,3,10,2.98,3.673077,86.79,43.64
455,1,2,6,2,2,1,2,2,3,9,3.684211,0.136364,92.0,29.0
456,1,1,6,2,1,1,2,2,3,7,3.82,4.083333,83.76,29.0
457,3,4,6,1,2,2,2,2,3,8,2.583333,2.875,72.56,32.91
458,3,4,6,2,2,2,1,1,1,9,3.652174,4.0,89.16,46.0
459,3,4,6,1,1,2,2,2,3,10,3.416667,3.886364,87.94,44.84
460,3,4,6,1,1,2,2,1,3,8,3.907407,4.25,93.66,48.0
461,1,2,6,2,2,1,2,0,3,9,0.0,0.0,71.0,27.625
462,3,4,6,2,2,2,2,1,1,8,3.1875,4.020833,82.15,42.0
463,3,4,6,1,2,2,1,1,3,9,4.217391,4.24,95.6,47.45
464,1,2,6,2,1,1,2,1,4,9,4.285714,4.409091,91.0,45.0
465,1,2,6,2,2,1,2,1,1,7,0.214286,0.0,57.0,18.0
466,1,2,6,2,2,1,2,2,3,9,1.956522,0.0,68.0,34.0
467,1,2,6,2,2,1,1,2,3,9,4.166667,4.309524,102.0,34.82
468,3,4,6,1,2,2,2,2,3,8,3.782609,3.227273,85.74,43.01
469,1,2,6,2,2,1,2,1,3,7,2.605263,1.880952,65.0,23.0
470,1,2,6,2,2,1,2,1,1,7,0.5,1.375,56.0,31.0
471,1,2,6,2,1,1,2,1,4,9,3.886364,4.333333,92.0,48.0
472,1,2,6,2,2,1,2,1,3,7,3.291667,3.863636,70.72,19.0
473,1,2,6,2,2,1,2,1,2,8,1.47619,1.333333,75.0,36.0
474,3,4,6,2,2,2,2,0,9,10,0.326087,1.428571,56.73,44.0
475,1,2,6,2,2,1,2,0,3,8,2.772727,2.678571,81.0,25.0
476,3,4,6,2,2,2,1,1,1,8,3.804348,4.096154,88.75,46.0
477,3,4,6,1,2,2,1,1,3,8,3.54,3.565217,88.14,44.6
478,3,2,6,2,2,1,2,2,3,8,4.2,3.956522,82.96,49.0
479,3,2,6,2,2,1,2,2,7,4,4.16,4.132567590000001,79.0,48.0
480,1,2,6,2,2,1,2,2,6,8,3.3125,3.0,82.8,39.0
481,1,2,6,2,2,1,2,1,1,7,2.5,0.6,71.0,18.0
482,3,4,6,1,2,2,2,1,3,7,3.666667,2.892857,83.3,41.37
483,1,2,6,2,2,1,2,1,3,9,3.5,1.275,81.0,44.0
484,1,2,6,2,2,1,2,2,3,9,2.6875,1.294118,85.0,28.0
485,3,2,6,2,2,1,2,1,2,7,2.291667,0.0,89.0,18.0
486,1,2,6,2,1,1,2,1,2,9,3.142857,2.466667,69.0,21.0
487,3,4,6,2,2,2,2,1,2,4,0.0,0.1084375,72.58,33.0
488,1,2,6,2,2,1,2,1,2,7,3.18,3.521739,84.0,31.0
489,3,4,6,1,2,2,1,2,3,10,3.934783,3.9,92.52,46.85
490,3,4,6,1,2,2,2,1,3,8,2.638889,2.038462,74.93,33.29
491,3,2,6,2,1,1,2,0,2,9,4.119048,3.386364,88.69,49.0
492,3,4,6,1,1,2,2,2,3,10,2.916667,2.980769,80.79,34.23
493,1,2,6,2,2,1,2,1,3,9,3.7,2.583333,78.0,27.0
494,3,4,6,1,2,2,2,2,3,10,3.68,3.454545,86.06,43.07
495,1,2,6,2,1,1,2,1,1,9,3.26087,3.4,82.0,34.0
496,1,2,6,2,2,1,2,1,1,7,2.588235,1.225,80.0,31.0
497,1,2,6,2,2,1,2,0,3,4,0.0,0.06278571000000001,67.3,39.0
498,1,2,6,2,2,1,2,2,1,9,3.818182,3.078947,85.0,35.0
499,1,2,6,2,2,1,2,1,3,9,0.0,0.0,58.66,19.0
500,3,2,6,2,1,1,2,2,6,8,3.785714,2.788462,82.99,35.0
501,3,4,6,2,2,2,2,1,1,4,2.434783,1.944444,75.32,39.0
502,3,4,6,2,2,2,2,1,3,8,3.086957,3.543478,88.35,46.0
503,3,4,6,1,2,2,1,2,3,10,3.38,3.038462,86.2,42.63
504,3,5,6,2,1,2,2,1,2,10,3.761905,3.818182,90.47,47.0
505,1,2,6,2,2,1,2,1,3,9,3.852941,2.222222,57.0,48.0
506,1,2,6,2,2,1,2,2,6,8,3.3,2.886364,76.49,36.0
507,3,4,6,2,2,2,2,1,4,8,3.769231,3.2,84.6,44.76
508,3,2,6,2,2,1,2,1,1,7,2.047619,1.725,65.0,21.44
509,1,2,6,2,1,1,2,2,4,9,4.214286,4.152174,73.0,49.0
510,3,4,6,2,2,2,2,1,1,4,2.0,2.416667,72.64,42.0
511,3,2,6,2,2,1,2,1,6,4,2.0,2.181818,77.0,29.0
512,3,2,6,2,1,1,1,2,3,8,3.117647,1.14,53.0,25.0
513,1,2,6,2,1,1,2,2,2,9,2.14108171,1.6702752800000005,60.0,32.0
514,1,2,6,2,1,1,2,1,1,9,2.090909,1.0,83.0,41.0
515,3,4,6,1,2,2,2,2,3,4,3.543478,3.386364,85.06,41.8
516,1,2,6,2,1,1,2,0,3,9,3.326087,2.090909,77.68,32.0
517,1,2,6,2,1,1,2,1,3,9,2.545455,1.947368,74.0,22.0
518,1,2,6,2,1,1,2,1,3,9,3.421053,2.886364,80.0,19.0
519,3,4,6,1,1,2,2,2,3,9,4.340909,3.86,94.6,41.0
520,3,4,6,1,2,2,1,2,3,10,2.545455,0.732143,77.36,29.68
521,3,4,6,1,2,2,2,1,3,7,2.694444,2.269231,74.91,35.0
522,1,2,6,2,2,1,2,1,2,9,2.0625,0.0,76.0,31.405
523,1,2,6,2,1,1,1,2,4,9,3.652174,3.714286,75.0,17.0
524,3,4,6,2,2,2,2,1,2,8,2.25,2.068182,77.0,40.0
525,3,4,6,2,2,2,2,1,1,4,2.15,3.0,75.17,41.0
526,1,2,6,2,2,1,2,1,3,9,0.0,0.10938763,89.0,34.06
527,3,4,6,2,2,2,2,1,3,8,3.388889,3.458333,85.57,42.79
528,1,2,6,2,2,1,2,1,1,7,0.722222,1.00533844,56.0,21.0
529,3,4,6,1,1,2,2,2,3,10,2.8,2.980769,78.72,35.23
530,1,2,6,2,2,1,2,1,2,7,2.275,0.875,65.0,22.0
531,1,1,6,2,1,1,2,1,1,9,3.02,2.958333,81.0,20.0
532,3,2,6,2,1,1,2,2,2,7,3.5,3.477273,79.0,34.0
533,3,4,6,2,2,2,2,1,3,8,4.043478,4.0,86.5,43.0
534,3,4,6,1,2,2,2,1,3,8,2.826087,2.615385,75.11,31.8
535,1,2,6,2,2,1,2,2,2,8,0.97619,0.8713727299999995,66.0,25.0
536,1,2,6,2,2,1,2,0,6,9,3.4,3.391304,75.37,18.0
537,1,2,6,2,2,1,2,1,2,7,2.263158,1.727273,76.0,21.0
538,3,4,6,1,1,2,2,2,9,10,0.0,1.6127300500000001,70.84,28.29
539,1,2,6,2,1,1,2,1,2,9,2.58,3.375,76.0,27.0
540,3,4,6,2,2,2,2,1,4,9,4.047619,3.529412,83.97,47.0
541,3,4,6,1,2,2,2,1,3,7,2.583333,1.525,75.1,43.0
542,1,2,6,2,2,1,2,1,1,7,2.833333,2.818182,85.0,32.0
543,3,4,6,2,2,2,2,2,1,8,2.5625,2.22,84.87,49.0
544,3,4,6,1,2,2,1,1,3,10,2.76,2.56,78.67,33.82
545,3,2,6,2,2,1,2,1,2,8,3.56,3.7,100.0,44.0
546,1,2,6,2,2,1,2,1,1,7,2.4375,3.227273,79.0,24.0
547,1,2,6,2,2,1,1,2,2,9,0.386364,0.14367354000000002,75.0,19.0
548,3,4,6,1,2,2,1,1,3,7,2.913043,3.153846,80.36,33.96
549,1,2,6,2,2,1,2,2,3,9,3.125,1.892857,83.0,28.0
550,1,2,6,2,1,1,2,1,1,9,4.25,3.571429,93.0,44.0
551,1,2,6,2,2,1,2,1,1,9,3.6,2.777778,83.0,38.0
552,3,4,6,1,1,2,2,1,3,10,3.270833,2.729167,84.1,41.48
553,1,2,6,2,1,1,1,2,5,9,3.5,3.928571,86.0,41.0
554,3,4,6,1,2,2,2,1,3,7,4.4,4.166667,93.05,47.94
555,1,2,6,2,2,1,1,1,2,9,4.0,3.238095,90.0,39.55
556,1,2,6,2,2,1,2,0,3,9,0.931818,0.8081796999999997,62.02,26.0
557,3,2,6,2,2,1,2,1,3,4,1.575,1.108696,52.0,21.0
558,1,2,6,2,2,1,2,0,5,7,2.16,1.166667,61.0,21.0
559,3,4,6,1,2,2,2,1,4,10,3.020833,2.961538,80.94,34.07
560,1,2,6,2,2,1,2,1,3,9,4.131579,3.90625,98.0,36.0
561,3,4,6,1,2,2,2,1,3,8,2.833333,1.883333,79.09,38.27
562,3,4,6,1,2,2,2,1,3,4,3.325,3.318182,83.24,41.4
563,1,2,6,2,2,1,2,1,3,7,1.157895,1.1815593400000006,52.0,20.38
564,1,2,6,2,1,1,1,1,3,7,3.347826,3.5,88.16,38.0
565,3,4,6,1,2,2,2,1,3,7,3.305556,3.673077,84.31,41.12
566,1,2,6,2,2,1,2,1,2,7,2.54,3.108696,66.0,12.0
567,1,2,6,2,1,1,1,1,2,9,3.269231,2.105263,67.0,28.0
568,1,2,6,2,2,1,2,1,1,7,0.0,0.0,63.0,23.0
569,1,2,6,2,2,1,1,2,3,9,3.454545,3.346154,69.0,25.0
570,1,2,6,2,2,1,2,1,2,9,0.0,0.0,70.0,29.0
571,3,4,6,2,2,2,2,1,3,8,2.630435,3.113636,73.22,36.0
572,1,2,6,2,2,1,2,1,3,9,1.4375,0.0,71.0,27.0
573,3,4,6,2,2,2,1,1,1,7,4.021739,3.880952,89.2,44.0
574,3,4,6,2,2,2,2,1,1,4,2.230769,1.785714,76.56,38.0
575,1,2,6,2,2,1,2,1,3,7,2.0,1.833333,54.0,21.0
576,3,4,6,2,2,2,1,1,2,7,3.73913,4.347826,88.76,49.0
577,1,2,6,2,1,1,2,1,3,9,0.5625,0.9688453399999999,68.0,15.0
578,1,2,6,2,1,1,2,2,4,9,4.357143,4.409091,82.0,42.0
579,3,4,6,1,2,2,2,2,3,8,3.804348,3.782609,93.26,47.15
580,3,2,6,2,1,1,2,2,3,8,4.130435,4.095238,80.0,44.0
581,1,2,6,2,2,1,2,1,6,9,2.714286,2.722222,72.59,25.0
582,3,4,6,1,2,2,2,2,3,10,2.869565,3.16,80.82,34.06
583,1,2,6,2,2,1,3,1,2,9,0.25,0.0,70.0,27.0
584,1,2,6,2,1,1,2,2,1,7,1.857143,0.428571,74.0,24.0
585,1,2,6,2,2,1,2,1,1,9,2.184211,0.5625,66.0,18.0
586,3,4,6,2,2,2,2,1,2,8,1.805556,2.473684,72.0,37.0
587,1,2,6,2,1,1,2,2,5,9,3.766667,3.333333,90.0,36.75
588,3,4,6,1,1,2,2,1,3,10,4.058824,2.886364,83.86,44.93
589,3,4,6,1,2,2,2,2,3,10,3.895833,3.75,91.2,46.0
590,1,2,6,2,1,1,2,1,1,7,3.02,2.2,86.0,20.0
591,3,2,6,2,2,1,2,1,2,4,2.86,2.380952,60.0,24.0
592,1,2,6,2,2,1,2,2,2,7,3.0,2.5,75.0,26.0
593,1,2,6,2,2,1,2,1,2,9,2.18,1.566667,65.0,18.08
594,1,2,6,2,1,1,2,2,3,10,3.818182,1.75,82.0,19.0
595,3,4,6,1,2,2,1,2,3,8,3.73913,3.173077,86.87,42.44
596,3,2,6,2,2,1,2,1,1,8,3.145833,2.727273,77.0,31.0
597,3,4,6,1,2,2,1,1,3,9,4.1,4.047619,94.4,46.89
598,1,2,6,2,2,1,2,0,2,9,4.145833,3.5,107.0,34.0
599,3,4,6,1,2,2,1,2,3,10,3.804348,3.307692,86.19,41.91
600,1,2,6,2,1,1,2,1,1,9,0.736842,0.833333,70.0,20.0
601,1,2,6,2,2,1,2,1,1,9,4.16,4.0,87.0,30.0
602,3,4,6,1,2,2,2,2,3,8,3.395833,3.673913,86.44,42.84
603,3,4,6,2,2,2,2,1,2,4,2.815789,1.85,71.56,30.0
604,3,4,6,2,2,2,1,1,2,8,2.369565,1.78125,76.4,38.0
605,1,2,6,1,2,1,1,2,3,9,3.441176,1.363636,90.0,40.29
606,1,2,6,2,2,1,2,2,3,9,3.047619,2.772727,79.89,29.0
607,1,2,6,2,1,1,2,1,2,9,0.5,1.857143,83.0,42.0
608,3,4,6,1,2,2,2,2,3,8,3.875,4.0,93.59,47.19
609,1,2,6,2,2,1,1,0,2,9,0.0,0.0,66.0,27.0
610,1,2,6,2,1,1,1,0,7,10,3.5,3.25,73.0,32.0
611,1,2,6,2,2,1,1,2,3,9,4.428571,4.233368609999997,100.0,36.41
612,3,4,6,2,2,2,2,1,3,8,3.02,3.18,85.16,45.0
613,3,2,6,2,2,1,2,1,1,9,3.1,3.0,84.0,30.0
614,3,2,6,2,1,1,2,2,6,8,3.479167,3.277778,86.5,42.0
615,1,2,6,2,1,1,2,1,1,9,3.673913,3.075,76.0,38.0
616,1,2,6,2,1,1,2,1,2,7,3.295455,3.159091,89.0,20.0
617,3,4,6,1,1,2,2,2,3,10,3.875,4.115385,92.79,47.52
618,3,4,6,2,2,2,1,1,1,8,1.956522,1.738095,74.12,36.0
619,1,2,6,2,2,1,2,1,1,9,3.22,2.857143,86.0,39.0
620,1,2,6,2,1,1,2,1,1,10,3.479167,3.285714,86.0,39.0
621,1,2,6,2,2,1,2,1,1,9,3.583333,1.666667,80.11,35.0
622,1,2,6,2,1,1,2,1,1,7,1.184211,0.136364,62.0,14.0
623,1,2,6,2,2,1,2,2,6,9,3.285714,3.526316,71.0,34.0
624,1,2,6,2,1,1,2,1,2,9,3.318182,3.565217,90.0,35.11
625,3,4,6,1,2,2,2,1,3,9,4.142857,4.074074,93.95,47.71
626,1,4,6,2,1,2,2,1,3,9,3.181818,2.727273,84.24,38.0
627,1,2,6,2,1,1,2,0,1,7,2.368421,1.859490199999999,74.0,25.0
628,3,2,6,2,2,1,2,1,2,10,2.25,1.705882,92.0,35.0
629,1,2,6,2,2,1,2,0,2,9,0.26087,0.0,45.0,18.0
630,1,2,6,2,2,1,2,1,1,7,3.58,2.978261,87.0,36.0
631,3,4,6,1,2,2,2,2,3,8,2.75,2.384615,75.0,33.21
632,3,4,6,1,1,2,2,2,3,10,3.26087,2.461538,81.95,41.07
633,1,4,6,2,2,2,2,0,2,7,0.0,0.08323864,67.0,6.0
634,3,4,6,2,2,2,2,0,3,8,4.4375,4.32,93.66,48.0
635,3,4,6,1,2,2,2,2,3,8,3.552632,3.78,89.8,45.05
636,1,2,6,2,2,1,2,1,3,9,1.928571,3.676471,57.0,22.0
637,3,4,6,1,2,2,1,2,3,8,2.717391,2.384615,75.6,29.47
638,1,2,6,2,2,1,2,1,1,9,2.0,2.2,64.0,17.32
639,3,2,6,2,1,1,2,1,2,9,1.75,0.727273,58.0,17.0
640,1,2,6,2,2,1,2,1,1,7,0.681818,0.8939300699999997,68.0,16.0
641,1,2,6,2,1,1,2,2,3,9,4.238095,4.086957,88.0,35.0
642,1,2,6,2,1,1,2,1,2,9,0.0,0.0,74.0,27.0
643,1,2,6,2,1,1,2,1,1,9,3.708333,4.0,87.0,46.0
644,3,4,6,1,2,2,2,1,3,3,2.416667,2.125,73.34,32.55
645,1,2,6,2,2,1,1,1,1,9,2.652174,3.466667,72.0,20.0
646,1,2,6,2,2,1,2,1,2,9,2.66,0.8,78.0,26.0
647,3,4,6,2,1,2,1,1,1,8,1.833333,2.22261769,75.82,38.0
648,3,4,6,2,2,2,2,1,1,7,3.916667,4.166667,86.06,47.0
649,3,4,6,1,2,2,1,2,3,8,2.175,2.25,73.17,28.43
650,1,2,6,2,1,1,2,1,1,9,0.333333,0.05775788,71.0,27.0
651,3,4,6,2,2,2,1,2,1,10,3.630435,3.416667,85.43,41.0
652,3,4,6,1,2,2,2,1,3,10,3.205882,2.973684,82.27,41.61
653,3,4,6,1,2,2,2,1,3,8,2.388889,2.692308,72.14,34.72
654,1,2,6,2,2,1,2,1,3,9,2.75,2.4565761899999994,76.0,20.0
655,3,4,6,1,2,2,1,2,3,7,4.043478,3.826923,91.96,46.18
656,3,2,6,2,2,1,2,2,4,4,3.1875,2.923077,75.83,23.0
657,1,2,6,2,1,1,2,2,3,9,3.75,3.045455,85.66,32.32
658,3,4,6,1,2,2,1,1,4,8,3.025,2.772727,80.1,32.71
659,3,4,6,1,2,2,1,2,5,9,4.347826,4.229167,92.43,47.62
660,3,2,6,2,2,1,2,1,1,3,2.6,1.825,76.0,32.0
661,1,2,6,2,2,1,2,1,3,7,2.68,2.190476,65.0,19.0
662,1,2,6,2,2,1,2,0,3,9,3.86,3.722222,78.0,28.0
663,1,2,6,2,1,1,2,0,8,9,3.52,3.568182,88.23,40.0
664,3,4,6,1,2,2,1,1,3,7,3.363636,2.444444,83.62,41.03
665,3,4,6,2,2,2,1,1,2,8,3.586957,3.416667,87.34,42.0
666,3,4,6,2,2,2,2,2,3,8,2.891304,3.666667,74.49,26.0
667,3,4,6,2,2,2,2,2,1,8,2.0,0.0,72.37,40.0
668,3,4,6,1,2,2,2,1,3,4,1.9,2.590909,70.67,29.11
669,1,2,6,2,2,1,2,1,2,9,0.886364,0.0,71.02,35.0
670,3,4,6,1,1,2,2,1,2,8,2.75,2.958333,77.63,39.8
671,1,2,6,2,2,1,2,1,1,10,3.204545,2.87340862,84.0,28.0
672,1,2,6,2,1,1,2,2,3,9,3.880952,3.894737,87.0,35.0
673,3,4,6,1,2,2,1,2,4,9,4.26087,3.954545,93.37,48.0
674,3,4,6,1,1,2,1,2,3,10,4.12,4.296296,93.13,48.0
675,1,2,6,2,1,1,2,0,3,3,2.083333,1.763158,69.18,24.72
676,1,2,6,2,2,1,1,1,1,9,3.441176,4.0,94.0,27.0
677,1,2,6,2,1,1,1,1,2,3,2.416667,0.0,77.0,26.0
678,1,2,6,2,1,1,2,2,2,7,0.0,0.15976425,95.0,45.0
679,3,2,6,2,2,1,2,2,7,4,4.238095,4.318182,83.99,43.0
680,1,2,6,2,2,1,2,1,5,9,3.42,2.277778,83.0,31.0
681,3,4,6,1,2,2,2,2,3,10,3.230769,3.021739,82.76,42.38
682,1,4,6,2,1,2,1,1,2,7,2.729167,2.84,76.4,38.0
683,1,2,6,2,2,1,2,1,1,7,2.27787037,2.011790019999998,80.0,31.0
684,1,2,6,2,2,1,2,1,1,8,1.55,1.105263,73.0,18.0
685,1,1,6,2,1,1,2,1,1,9,2.5,2.5,70.0,20.0
686,1,2,6,2,1,1,2,1,1,7,1.34375,3.142857,77.0,19.0
687,1,1,6,2,1,1,2,1,2,7,3.38,3.875,63.0,21.42
688,3,4,6,2,2,2,2,2,1,10,2.630435,2.821429,81.42,46.0
689,3,4,6,2,2,2,2,1,1,8,4.119048,3.3,85.06,48.0
690,1,2,6,2,2,1,2,1,1,7,0.176471,0.0,57.0,20.54
691,3,2,6,2,1,1,1,2,5,8,3.954545,4.0,87.66,48.0
692,3,4,6,1,2,2,1,2,3,10,4.104167,3.7,86.89,43.01
693,3,4,6,1,2,2,2,2,3,8,2.119048,2.68,73.43,35.03
694,1,2,6,2,1,1,2,2,3,9,1.785714,1.03792616,73.0,20.0
695,1,2,6,2,2,1,1,2,7,9,3.619048,3.738095,78.0,37.0
696,1,2,6,2,2,1,2,1,2,7,2.36,1.5785212699999986,68.0,27.0
697,3,4,6,1,2,2,1,1,3,9,3.23913,3.44,83.76,40.63
698,3,5,6,2,2,2,2,0,3,8,3.97619,3.96,85.34,49.0
699,3,4,6,2,2,2,2,1,1,4,3.264706,3.5,85.68,44.0
700,3,2,6,2,1,1,2,1,2,8,3.36,2.44,77.0,33.0
701,1,2,6,2,1,1,2,0,3,9,3.4375,3.681818,92.0,41.0
702,1,2,6,2,2,1,2,1,2,9,3.6,2.638889,77.0,29.87
703,1,2,6,2,1,1,2,1,1,9,0.47619,1.2470919000000003,81.0,31.0
704,3,2,6,2,1,1,2,2,2,10,3.645833,3.305556,95.0,46.0
705,1,2,6,2,1,1,2,1,2,9,2.886364,2.64737062,82.0,34.0
706,1,2,6,2,2,1,2,1,1,9,1.525,1.84375,79.0,17.0
707,1,2,6,2,1,1,2,1,1,9,1.571429,1.710526,73.0,32.0
708,1,2,6,2,2,1,2,1,2,8,2.72,0.909091,63.0,16.0
709,3,4,6,1,2,2,1,1,3,9,3.847826,3.7,86.99,42.71
710,1,2,6,2,1,1,2,2,3,9,3.729167,3.761905,98.0,38.0
711,3,4,6,1,2,2,1,1,6,7,0.0,1.5061560499999993,67.38,27.08
712,1,1,6,2,1,1,2,1,1,7,4.173913,3.557692,91.0,27.0
713,1,2,6,2,2,1,2,1,1,3,0.375,0.35298151999999994,71.0,25.0
714,1,1,6,2,1,1,2,1,2,7,4.195652,4.115385,85.0,41.0
715,3,4,6,2,2,2,1,1,4,10,4.25,3.925,87.12,45.72
716,1,2,6,2,2,1,1,1,2,7,2.25,2.666667,73.0,20.0
717,3,4,6,2,2,2,2,2,1,8,3.0625,3.5625,87.53,48.0
718,1,2,6,2,1,1,2,0,2,7,3.26087,3.714286,82.0,41.0
719,1,2,6,2,2,1,2,2,6,9,2.863636,3.125,69.81,17.0
720,3,4,6,2,2,2,1,1,4,10,4.166667,4.444444,89.23,43.0
721,1,2,6,2,2,1,2,1,3,3,2.176471,2.361111,25.0,13.0
722,1,2,6,2,2,1,2,1,1,9,2.92,2.25,87.0,42.0
723,3,4,6,1,1,2,2,1,3,7,3.84,3.28,85.72,43.9
724,3,8,6,2,2,1,2,1,5,4,3.904762,4.022727,86.24,47.0
725,1,2,6,2,2,1,2,1,4,9,0.0,3.7,79.0,25.0
726,3,4,6,1,2,2,1,2,3,10,3.5,3.08,87.1,42.45
727,3,4,6,1,2,2,1,2,3,9,4.134615,4.347826,94.24,47.0
728,1,2,6,2,2,1,2,1,2,9,3.7,0.0,85.0,34.11
729,1,2,6,2,1,1,2,1,3,9,2.833333,2.2044649400000007,105.0,35.86
730,1,2,6,2,2,1,2,2,3,9,4.107143,4.111111,96.0,33.49
731,3,2,6,2,1,1,2,1,1,3,3.225,2.652174,72.0,33.0
732,1,2,6,2,1,1,2,1,1,7,3.272727,2.727273,84.0,25.0
733,1,2,6,2,1,1,2,1,1,7,2.909091,2.795455,76.0,38.0
734,3,4,6,1,2,2,2,2,3,8,2.055556,2.153846,74.37,37.48
735,3,4,6,2,2,2,1,1,2,10,4.23913,4.45,91.42,49.0
736,3,4,6,1,2,2,1,1,3,9,2.615385,2.34,75.73,29.27
737,3,2,6,2,1,1,1,1,1,9,3.97619,3.847826,85.0,29.0
738,3,4,6,2,2,2,2,2,2,8,2.9,2.625,74.4,34.0
739,3,4,6,1,2,2,2,1,3,9,2.690476,3.111111,74.23,33.8
740,3,4,6,1,1,2,1,1,3,9,4.083333,3.980769,93.72,47.55
741,3,4,6,2,2,2,2,1,1,8,4.304348,3.673077,89.88,46.0
742,1,2,6,2,2,1,2,1,3,9,2.52,3.225,73.0,26.0
743,3,8,6,2,2,1,2,0,6,10,3.973684,3.75,86.69,39.0
744,3,4,6,1,1,2,2,1,3,9,4.125,3.275,85.75,46.06
745,3,4,6,1,2,2,1,2,3,8,1.675,2.5,72.71,32.46
746,1,1,6,2,1,1,2,1,2,9,2.82,2.270833,48.0,18.95
747,1,2,6,2,2,1,2,1,6,9,0.727273,1.4511324799999992,75.0,24.0
748,3,4,6,1,2,2,2,1,3,9,3.388889,3.44,85.6,41.69
749,1,4,6,2,1,2,2,1,4,7,3.065217,2.631579,69.77,21.0
750,3,8,6,2,2,1,2,0,7,8,3.108696,3.22,74.14,19.0
751,3,2,6,2,1,1,1,2,3,8,4.0,3.94,88.59,45.0
752,3,4,6,1,1,2,2,1,3,9,3.108696,2.611111,83.1,42.25
753,1,2,6,2,2,1,2,1,1,7,2.28,1.913043,72.0,24.0
754,1,2,6,2,1,1,2,2,2,7,2.217391,1.263158,69.0,16.0
755,3,4,6,2,2,2,1,1,1,8,0.0,0.0665368,73.34,37.36
756,3,4,6,2,2,2,2,2,1,8,2.434783,2.0,76.39,34.0
757,1,2,6,2,2,1,1,2,3,7,3.428571,3.875,75.18,19.0
758,3,4,6,2,2,2,2,1,5,10,4.0,3.75,86.56,45.49
759,1,2,6,2,2,1,2,1,1,9,3.68,3.583333,80.0,34.0
760,1,2,6,1,2,1,1,2,3,9,4.35,3.96,98.0,39.85
761,1,2,6,2,2,1,1,1,2,7,0.818182,0.92523533,58.0,15.0
762,3,4,6,2,2,2,2,2,1,10,4.108696,4.1,85.04,46.0
763,3,4,6,1,2,2,2,1,3,7,2.4,2.590909,72.5,35.22
764,3,4,6,1,2,2,2,1,3,10,3.295455,2.761905,83.75,41.62
765,3,4,6,1,2,2,2,1,3,8,3.083333,2.019231,79.09,36.43
766,3,4,6,1,2,2,2,2,3,8,2.28,2.42,74.67,33.44
767,3,2,6,2,2,1,2,2,7,8,3.125,3.075,79.77,29.52
768,3,4,6,2,2,2,1,2,3,8,3.934783,3.880952,89.49,45.0
769,1,2,6,2,2,1,2,1,1,9,3.26,3.111111,85.0,26.0
770,3,4,6,1,2,2,1,1,3,9,3.3,3.547619,84.96,41.04
771,3,4,6,2,2,2,2,1,1,9,3.6,2.5,85.31,43.0
772,3,4,6,1,2,2,2,2,3,10,2.9375,2.711538,81.71,43.25
773,3,4,6,2,1,2,2,1,1,8,3.913043,3.452381,86.2,45.0
774,3,4,6,1,2,2,2,2,3,8,2.68,2.5,74.52,32.36
775,3,4,6,1,2,2,1,2,3,10,3.76087,3.74,90.17,44.8
776,1,2,6,2,1,1,1,1,5,4,3.826087,3.522727,91.0,33.0
777,3,4,6,2,2,2,1,1,1,8,2.413043,1.3,74.27,25.0
778,3,4,6,1,2,2,1,1,5,7,2.375,2.954545,72.44,29.73
779,3,4,6,1,1,2,2,1,3,9,3.326087,2.62,84.86,42.29
780,3,4,6,2,1,2,2,1,3,10,4.041667,4.333333,85.31,49.0
781,3,4,6,2,2,2,2,1,3,8,4.173913,4.282609,83.79,44.0
782,3,4,6,2,2,2,2,1,1,10,3.785714,3.0332772399999985,89.34,49.0
783,1,2,6,2,2,1,1,1,1,8,1.96,1.764706,75.0,16.0
784,1,2,6,2,2,1,1,1,2,9,3.608696,3.613636,73.0,21.0
785,3,4,6,1,1,2,1,1,3,4,3.222222,3.423077,84.77,41.31
786,3,4,6,2,2,2,2,1,3,8,1.270833,0.45482906,68.61,44.0
787,1,2,6,2,2,1,1,2,3,10,3.738095,2.454545,86.21,39.0
788,1,2,6,2,2,1,2,1,1,8,3.210526,1.431818,65.0,20.0
789,3,4,6,2,2,2,1,1,3,8,2.772727,3.214286,87.9,49.0
790,1,2,6,2,2,1,2,2,3,10,3.595238,2.236842,81.0,19.0
791,1,4,6,2,2,2,2,2,5,8,3.3,3.1,81.73,30.91
792,1,2,6,2,2,1,2,1,1,7,2.44,2.652174,84.0,30.0
793,1,2,6,2,2,1,1,1,1,9,2.375,2.818182,70.0,26.0
794,3,4,6,1,2,2,2,1,3,8,2.166667,2.590909,71.45,35.65
795,3,4,6,2,2,2,2,0,2,8,4.173913,3.891304,87.37,48.0
796,1,1,6,2,1,1,2,1,3,8,2.282609,0.0,74.0,32.0
797,3,4,6,1,2,2,2,2,3,10,3.333333,3.442308,86.68,43.64
798,3,4,6,2,2,2,2,1,2,8,1.35,0.0,72.77,46.0
799,3,4,6,1,2,2,2,2,3,8,2.913043,2.772727,78.29,36.09
800,1,2,6,2,1,1,2,2,3,7,0.363636,0.0,85.0,42.0
801,1,2,6,2,2,1,2,1,2,9,1.92,0.25,73.0,23.0
802,3,4,6,1,2,2,1,2,3,9,3.652174,3.82,88.95,45.53
803,1,2,6,2,1,1,2,1,2,7,1.636364,0.863636,79.0,42.0
804,1,2,6,2,2,1,2,1,1,7,4.02,3.478261,81.0,37.0
805,1,1,6,2,1,1,2,1,3,9,1.913043,1.233333,64.0,20.82
806,1,2,6,2,1,1,2,1,1,9,3.386364,2.25,84.0,27.51
807,1,2,6,2,2,1,1,2,3,9,3.76087,4.027778,88.0,40.0
808,3,2,6,2,1,1,1,2,5,10,4.5,4.409091,100.0,50.0
809,1,2,6,2,2,1,1,2,2,9,2.925,2.222222,74.0,26.0
810,1,2,6,2,2,1,2,2,5,9,2.03125,1.3157854400000009,71.27,27.45
811,1,2,6,2,1,1,1,1,1,9,4.282609,3.722222,92.0,46.0
812,1,2,6,2,2,1,2,2,7,7,4.369565,3.880952,85.92,43.0
813,3,4,6,1,2,2,1,1,3,7,2.805556,2.519231,76.57,30.66
814,1,2,6,2,2,1,2,0,3,4,0.142857,0.0,55.0,21.09
815,3,4,6,1,1,2,2,1,3,8,2.071429,2.545455,71.87,40.09
816,3,4,6,2,2,2,2,1,3,8,4.0625,4.16,84.53,48.0
817,3,4,6,2,2,2,2,2,3,8,3.233333,3.78125,94.99,49.0
818,1,2,6,2,1,1,1,1,1,9,4.434783,4.380952,99.0,29.0
819,1,2,6,2,2,1,2,1,3,9,2.94,3.25,75.3,21.0
820,3,4,6,1,1,2,2,2,4,10,2.54,2.75,77.68,36.77
821,3,4,6,2,1,2,1,1,2,10,1.730769,2.363636,73.0,47.0
822,1,2,6,2,1,1,2,1,1,7,3.684211,2.85,88.0,27.0
823,1,2,6,2,2,1,2,1,1,7,1.357143,0.0,62.0,23.0
824,3,4,6,1,2,2,2,2,3,10,3.42,2.636364,86.02,43.5
825,1,2,6,1,1,1,1,2,6,9,4.108696,4.14,89.91,37.71
826,1,2,6,2,2,1,2,0,1,9,2.847826,0.825,81.0,37.0
827,1,2,6,2,2,1,2,1,1,9,1.86,2.0,71.0,28.0
828,3,4,6,1,2,2,1,2,3,8,2.472222,1.26,72.99,19.0
829,1,2,6,2,1,1,1,2,3,9,4.28,4.068182,97.0,20.0
830,3,4,6,2,2,2,1,2,2,4,3.673913,3.714286,86.14,40.0
831,3,4,6,2,2,2,1,1,3,8,4.304348,4.166667,93.82,48.0
832,3,4,6,1,2,2,1,2,3,8,3.434783,3.134615,85.84,41.34
833,3,4,6,1,2,2,2,2,3,8,3.208333,2.565217,80.3,33.06
834,1,2,6,2,1,1,2,1,2,9,3.88,3.863636,69.0,34.0
835,1,2,6,2,2,1,2,1,2,9,1.5625,0.0,55.0,18.0
836,3,4,6,1,2,2,2,1,3,9,3.452381,2.142857,85.08,41.23
837,1,2,6,2,1,1,2,2,2,9,4.045455,4.434783,90.37,40.81
838,3,2,6,2,1,1,2,2,4,8,1.15,1.815789,70.63,25.0
839,3,4,6,1,2,2,1,1,3,7,3.85,4.022727,91.8,46.81
840,3,4,6,2,1,2,2,1,2,8,3.673913,3.461538,87.65,48.0
841,3,4,6,1,1,2,2,2,4,7,2.894737,2.740741,78.32,36.24
842,3,2,6,1,2,1,1,2,5,8,3.888889,3.5,85.93,40.2
843,1,2,6,2,2,1,2,1,3,9,2.1659334800000014,1.5352487699999993,65.0,17.0
844,1,2,6,2,1,1,2,1,1,7,1.125,1.0625,65.0,14.0
845,3,4,6,1,2,2,2,1,3,10,2.131579,2.981481,75.52,40.24
846,1,2,6,2,2,1,2,1,1,8,0.705882,0.6582006499999997,62.0,24.0
847,1,2,6,2,2,1,2,1,2,4,1.761905,0.0,74.0,25.22333333333333
848,3,4,6,2,2,2,2,1,1,4,3.02381,2.772727,80.45,39.0
849,1,2,6,2,1,1,2,1,1,8,3.368421,3.456522,87.0,35.14
850,1,2,6,2,1,1,2,1,3,8,3.36,3.56,92.0,44.0
851,3,4,6,2,2,2,2,2,3,8,2.625,2.8,72.82,33.79
852,3,4,6,2,2,2,2,2,2,8,0.0,0.09823864,65.41,16.0
853,3,4,6,2,2,2,2,1,3,9,3.73913,3.315789,81.15,24.0
854,3,4,6,1,2,2,2,2,3,10,3.825,3.666667,86.19,43.26
855,1,2,6,2,2,1,2,0,2,7,0.0,0.0,50.0,20.0
856,3,2,6,2,1,1,2,2,7,8,3.76,4.1,85.68,46.0
857,1,2,6,2,1,1,2,1,2,9,1.261905,0.964286,74.0,17.0
858,1,8,6,2,2,1,2,2,5,9,3.473684,2.909091,79.75,22.0
859,1,2,6,2,2,1,2,1,1,10,2.9,2.825,74.0,36.0
860,3,2,6,2,1,1,2,1,1,10,3.56,3.477273,84.0,19.0
861,1,2,6,2,2,1,2,1,2,9,2.6,2.433333,70.0,39.0
862,1,2,6,2,2,1,2,2,3,9,2.113454250000001,1.5774880500000001,72.0,20.0
863,3,4,6,2,2,2,1,1,3,4,3.0,3.952381,85.31,46.0
864,3,4,6,2,2,2,2,2,1,10,3.0625,3.282609,86.03,48.0
865,1,2,6,2,1,1,2,2,5,10,4.295455,4.078947,84.96,45.0
866,3,4,6,2,2,2,2,0,3,8,3.4,3.096154,88.18,46.0
867,3,4,6,2,2,2,2,1,2,8,2.46,2.56,77.53,44.0
868,3,4,6,1,1,2,2,1,4,8,3.630435,3.26,95.35,49.0
869,1,2,6,2,1,1,2,2,2,9,3.225,1.90625,75.0,32.0
870,1,2,6,2,2,1,2,1,2,9,2.76087,2.229167,71.0,34.0
871,3,4,6,1,2,2,2,1,4,10,3.5,3.42,87.46,43.91
872,3,4,6,1,2,2,1,1,3,7,2.333333,2.634615,75.57,31.41
873,1,2,6,2,2,1,2,1,1,7,4.136364,3.977273,89.0,40.0
874,1,2,6,2,1,1,2,1,2,9,4.047619,3.76,88.0,47.0
875,1,2,6,2,1,1,2,1,1,9,2.65,3.05,84.0,21.0
876,1,2,6,1,2,1,2,2,3,9,1.578947,2.1,74.44,25.59
877,1,2,6,2,1,1,2,1,1,9,3.261905,2.956522,88.0,30.0
878,1,2,6,2,2,1,1,2,3,9,4.214286,4.071429,92.08,37.0
879,1,2,6,2,2,1,1,2,2,10,3.86,4.340909,87.0,47.0
880,3,4,6,1,2,2,2,2,3,8,3.1,3.022727,81.38,40.59
881,3,4,6,2,2,2,2,1,3,8,2.5625,2.068182,78.01,43.0
882,1,8,6,2,2,1,2,0,8,9,4.105263,4.159091,84.28,32.0
883,3,1,6,2,1,1,2,2,4,10,4.369565,4.5,85.0,46.0
884,3,4,6,1,1,2,2,1,3,7,2.956522,2.704545,82.26,43.6
885,3,2,6,2,2,1,2,2,3,10,4.181818,3.714286,85.26,35.0
886,1,2,6,2,1,1,1,2,5,9,4.357143,4.5,90.17,50.0
887,3,4,6,2,2,2,2,1,3,10,3.214286,3.068182,86.54,44.0
888,1,2,6,2,1,1,2,1,2,9,0.727273,0.692308,71.0,27.0
889,3,4,6,2,1,2,2,2,1,10,3.8125,3.547619,87.32,46.0
890,3,5,6,2,2,2,2,1,3,4,2.642857,3.104167,77.98,43.0
891,3,4,6,1,2,2,2,1,3,9,3.73913,2.7,86.36,43.64
892,1,2,6,2,2,1,2,1,1,9,3.14,3.7,77.0,33.0
893,3,4,6,1,2,2,1,1,3,8,3.826087,3.7,86.94,42.36
894,3,4,6,2,2,2,2,1,3,8,3.690476,2.625,86.5,44.0
895,3,4,6,2,2,2,2,2,3,8,3.909091,3.318182,79.6,24.0
896,1,2,6,2,1,1,2,1,1,9,3.309524,3.631579,78.0,20.0
897,3,4,6,2,2,2,2,1,1,8,1.833333,1.9966619699999988,73.02,44.0
898,1,2,6,2,2,1,2,1,1,3,3.34,3.42,72.0,16.0
899,1,2,6,2,2,1,1,1,2,9,3.1,3.5,84.0,34.81
900,1,2,6,2,2,1,2,1,3,9,4.184211,3.975,82.0,30.0
901,3,4,6,1,2,2,1,1,3,8,4.25,3.865385,94.94,46.32
902,1,2,6,2,1,1,1,1,2,9,2.75,2.875,87.0,40.0
903,1,2,6,2,1,1,2,1,1,7,0.761905,0.8935049499999996,73.0,25.0
904,3,4,6,2,2,2,2,1,2,8,2.5,2.545455,75.42,25.0
905,3,4,6,2,2,2,2,1,1,4,3.02381,2.545455,83.0,48.0
906,3,4,6,1,2,2,2,1,3,7,3.3,3.5,84.02,40.95
907,1,2,6,2,2,1,2,2,3,9,0.545455,0.9978715499999998,76.0,25.905
908,1,2,6,2,2,1,2,1,3,4,4.104167,4.0625,92.0,47.0
909,3,5,6,2,1,2,2,1,3,10,4.1,2.815789,82.31,48.0
910,3,4,6,2,1,2,2,1,5,7,4.295455,4.28,82.41,44.0
911,1,2,6,1,1,1,1,2,4,9,4.5,4.461538,95.19,41.32
912,3,4,6,2,2,2,1,1,1,7,3.625,3.12,87.29,44.0
913,1,2,6,2,2,1,2,1,1,9,1.928571,1.617647,51.0,19.0
914,3,2,6,2,1,1,2,1,1,4,1.428571,0.5707362500000002,62.0,25.0
915,1,2,6,2,1,1,1,1,1,7,0.0,0.04222728,65.0,11.0
916,3,8,6,2,2,1,2,1,4,9,2.880952,2.166667,74.0,18.0
917,1,1,6,2,1,1,2,2,3,9,3.62,4.0,85.0,29.0
918,1,1,6,2,1,1,2,2,4,3,3.76,4.083333,87.32,38.85
919,3,4,6,1,2,2,2,2,3,8,3.56,3.153846,84.61,41.54
920,1,2,6,2,2,1,2,1,2,7,3.3,3.108696,68.0,20.0
921,3,4,6,1,2,2,2,1,3,8,2.107143,3.0,73.52,41.95
922,3,4,6,1,2,2,1,2,3,8,2.958333,3.160714,82.91,43.21
923,1,2,6,2,1,1,1,1,1,9,3.785714,3.652174,90.0,29.0
924,1,2,6,2,2,1,2,0,3,9,1.8388509100000001,0.9623359699999999,61.0,19.0
925,3,4,6,1,2,2,2,2,3,8,2.934783,2.730769,79.88,33.52
926,1,2,6,2,1,1,2,0,4,7,3.16,2.98,93.0,31.0
927,3,2,6,2,2,1,2,1,1,9,4.04,3.925,87.0,38.0
928,1,2,6,2,1,1,2,0,2,9,0.0,0.027000000000000003,83.0,43.0
929,3,2,6,2,2,1,1,1,1,4,2.0,0.0,57.0,29.0
930,3,4,6,1,2,2,2,1,4,7,2.275,2.636364,73.61,35.29
931,1,2,6,2,2,1,2,1,1,7,3.043478,2.413043,81.0,42.0
932,3,4,6,1,2,2,2,2,3,10,2.978261,3.04,82.19,43.23
933,1,2,6,1,2,1,2,2,7,10,3.521739,2.782609,86.62,34.52
934,1,2,6,2,1,1,2,2,4,9,4.431818,4.409091,98.0,45.0
935,1,2,6,2,2,1,2,2,4,9,3.522727,3.022727,79.45,25.0
936,1,2,6,2,2,1,2,1,1,7,0.0,0.0,77.0,22.0
937,1,2,6,2,2,1,2,1,2,9,3.347826,1.710526,69.0,27.0
938,1,2,6,2,2,1,2,2,2,9,3.145833,2.777778,94.0,27.0
939,3,4,6,1,2,2,1,2,3,8,3.675,3.761905,90.12,44.96
940,3,4,6,1,2,2,2,1,3,9,0.652174,0.5222928699999999,71.93,42.52
941,3,2,6,2,1,1,2,2,2,4,3.125,1.269231,63.0,43.0
942,3,4,6,1,2,2,1,1,3,8,3.825,3.568182,86.97,42.31
943,1,2,6,2,1,1,2,1,1,7,1.642857,1.87556753,87.0,24.0
944,3,4,6,2,1,2,2,1,5,10,3.847826,3.84,80.09,34.0
945,1,1,6,2,1,1,2,2,3,9,4.38,4.5,85.0,45.0
946,3,4,6,2,2,2,2,2,1,9,3.333333,3.652174,89.08,47.0
947,3,2,6,2,2,1,2,2,5,10,3.270833,3.45,79.28,16.0
948,3,4,6,1,2,2,2,1,3,4,2.82,2.02,73.1,32.44
949,3,4,6,2,2,2,2,1,2,8,2.795455,2.684211,81.26,48.0
950,1,2,6,2,2,1,2,2,2,3,2.095238,2.045455,71.92,22.0
951,3,4,6,1,2,2,2,1,3,8,3.73913,3.211538,85.71,43.62
952,3,4,6,2,2,2,2,1,2,8,3.6875,3.3,91.83,49.0
953,3,2,6,2,1,1,2,2,2,10,2.861111,1.478261,68.0,30.0
954,1,2,6,2,2,1,2,1,1,9,3.236842,1.233333,74.0,32.0
955,1,2,6,2,1,1,1,2,2,9,4.0,4.0,86.0,36.0
956,1,2,6,2,1,1,2,1,1,9,3.809524,3.652174,88.0,27.0
957,3,4,6,1,2,2,2,2,3,10,2.608696,2.846154,77.99,37.2
958,3,2,6,2,1,1,2,1,1,9,4.159091,4.421053,92.0,23.0
959,3,4,6,1,2,2,2,1,3,9,2.611111,2.470588,73.02,30.77
960,3,4,6,1,2,2,2,2,3,10,2.75,3.125,78.85,37.33
961,3,4,6,1,2,2,1,2,4,8,2.35,2.403846,73.33,27.74
962,1,2,6,2,2,1,2,1,2,7,1.857143,0.0,76.0,27.0
963,3,4,6,2,2,2,2,1,2,8,2.791667,2.357143,79.18,48.0
964,3,4,6,1,2,2,1,2,3,10,3.152174,3.0,83.92,40.88
965,3,4,6,1,2,2,2,2,3,8,2.5625,3.0625,72.43,33.24
966,3,4,6,1,2,2,2,2,3,8,3.0,2.961538,80.81,34.31
967,3,2,6,2,1,1,2,1,2,10,3.6875,4.047619,88.09,49.0
968,1,2,6,2,1,1,2,2,4,10,3.458333,3.727273,89.72,40.0
969,3,4,6,2,2,2,2,1,1,8,0.0,0.07363071,74.62,44.0
970,1,2,6,2,2,1,1,1,1,1,2.46875,0.933333,69.0,18.0
971,3,4,6,1,1,2,2,1,3,10,4.125,3.903846,93.11,47.94
972,1,2,6,2,2,1,2,1,2,9,1.363636,0.695652,78.0,36.0
973,3,4,6,1,2,2,1,2,3,10,2.852941,3.113636,80.42,31.64
974,3,4,6,2,2,2,2,1,3,8,3.03125,2.125,80.9,39.0
975,1,2,6,2,1,1,2,1,1,9,1.789474,1.5,76.0,14.0
976,1,2,6,2,2,1,2,1,1,7,2.104167,3.090909,75.0,22.0
977,1,2,6,2,1,1,2,2,3,10,3.761905,3.217391,89.0,30.0
978,3,4,6,2,2,2,1,2,1,8,3.891304,4.142857,87.25,42.0
979,3,4,6,1,2,2,2,1,3,10,4.0,2.809524,88.96,49.0
980,1,2,6,2,1,1,2,1,1,9,3.975,3.894737,95.0,25.0
981,3,4,6,1,2,2,2,2,3,4,3.333333,2.660714,82.23,41.95
982,3,4,6,1,2,2,2,2,3,8,3.625,2.892857,84.29,41.45
983,3,4,6,1,2,2,1,1,3,10,4.043478,3.9,93.03,46.88
984,1,2,6,2,2,1,2,1,2,3,1.999366090000001,1.5223438400000004,59.0,19.0
985,3,5,6,2,2,2,2,1,1,4,1.875,2.0,72.41,44.0
986,1,2,6,2,2,1,2,1,2,9,3.605263,2.818182,59.0,17.99
987,3,4,6,2,2,2,2,1,3,7,3.673913,3.869565,88.67,45.0
988,3,4,6,2,2,2,2,1,2,9,2.75,2.382353,79.83,48.0
989,1,2,6,2,1,1,2,1,2,9,2.28,3.375,77.0,26.0
990,1,2,6,1,1,1,2,2,3,9,4.347826,3.452381,89.45,38.71
991,3,4,6,1,2,2,2,2,3,10,3.020833,3.846154,82.91,42.96
992,1,2,6,2,1,1,2,0,2,9,2.125,0.0,80.0,36.0
993,3,4,6,1,2,2,1,2,3,8,3.934783,3.68,86.65,42.21
994,3,2,6,2,1,1,2,2,6,4,4.369565,4.357143,82.19,49.0
995,1,2,6,1,1,1,1,2,3,9,4.05,3.204545,86.94,35.76
996,1,2,6,2,2,1,2,2,3,9,0.625,0.0,70.15,26.0
997,1,2,6,2,1,1,2,1,1,7,2.392857,3.222222,79.0,42.0
998,3,4,6,1,2,2,1,2,4,10,3.794118,3.818182,90.86,45.47
999,3,4,6,1,2,2,2,1,3,8,3.083333,3.25,81.87,41.73
1000,1,2,6,2,2,1,2,1,2,7,2.5,1.833333,78.0,29.0
1001,1,2,6,2,2,1,1,2,2,7,3.347826,3.136364,94.0,44.0
1002,3,2,6,2,1,1,2,1,1,7,3.673913,3.2,76.0,30.0
1003,1,2,6,2,1,1,2,2,1,7,2.613636,2.03125,80.0,29.0
1004,1,2,6,2,2,1,2,1,2,9,0.225,0.0,60.0,27.0
1005,1,2,6,2,1,1,1,1,3,9,0.0,0.060363639999999996,66.0,20.0
1006,3,4,6,1,1,2,2,1,3,9,2.826087,1.807692,76.13,32.62
1007,1,2,6,2,1,1,1,1,1,9,3.380952,2.333333,92.0,40.0
1008,1,2,6,2,1,1,1,1,3,7,3.428571,1.433333,89.0,49.0
1009,1,2,6,2,2,1,2,2,2,9,0.204545,0.015,65.0,22.0
1010,3,2,6,2,2,1,1,1,3,10,3.166667,2.5,80.0,26.0
1011,1,2,6,2,2,1,2,1,1,7,3.2,2.595238,78.0,24.0
1012,3,4,6,1,2,2,1,1,3,9,2.675,3.333333,76.03,30.72
1013,1,2,6,1,1,1,1,2,3,9,4.2,3.65625,91.05,36.78
1014,3,8,6,2,2,1,1,0,4,8,2.5625,2.681818,78.91,47.0
1015,1,2,6,2,2,1,2,2,2,9,3.571429,2.788462,87.0,39.0
1016,1,2,6,2,1,1,2,1,2,9,1.5,1.6,78.0,31.0
1017,3,4,6,1,2,2,2,1,3,8,3.326087,3.519231,84.95,42.05
1018,3,4,6,2,2,2,1,2,2,8,4.204545,3.98,90.23,48.0
1019,3,4,6,1,2,2,2,2,3,10,2.159091,2.865385,75.41,36.31
1020,1,2,6,2,2,1,1,1,3,3,3.607143,3.423077,89.0,38.71
1021,3,4,6,1,2,2,2,1,3,8,0.0,0.02636364,71.92,42.09
1022,1,2,6,2,2,1,2,1,1,7,1.5,2.444444,85.0,18.0
1023,1,2,6,2,2,1,2,1,1,9,3.6,3.1,77.0,31.0
1024,1,2,6,2,2,1,2,1,1,9,2.725,2.195652,82.0,43.0
1025,1,2,6,2,2,1,2,1,2,3,0.0,0.49236365,52.0,18.0
1026,3,4,6,2,2,2,2,0,1,4,0.409091,1.7,63.96,32.0
1027,3,4,6,1,2,2,1,2,3,8,3.652174,3.807692,89.17,45.45
1028,1,2,6,2,1,1,2,1,2,4,3.4375,2.978261,69.0,17.0
1029,3,4,6,2,2,2,2,1,1,9,4.065217,3.717391,88.19,49.0
1030,1,2,6,2,1,1,2,1,1,9,2.475,1.416667,71.0,31.0
1031,1,2,6,2,2,1,2,1,1,9,3.022727,2.5,77.0,22.0
1032,1,2,6,2,2,1,2,1,3,9,0.0,0.0,53.0,16.0
1033,3,4,6,2,2,2,2,1,3,4,2.75,3.166667,81.09,44.0
1034,3,8,6,2,2,1,2,2,7,8,4.272727,4.25,82.46,48.0
1035,1,2,6,2,1,1,2,1,1,9,3.86,3.961538,95.0,42.0
1036,3,4,6,1,2,2,2,1,4,9,3.7,3.380952,85.84,42.71
1037,3,4,6,2,2,2,2,1,1,8,3.875,3.416667,86.24,48.0
1038,1,2,6,2,2,1,2,1,5,9,4.090909,3.861111,81.0,28.0
1039,3,2,6,2,1,1,1,2,7,10,4.195652,4.119048,86.53,47.0
1040,1,2,6,2,2,1,2,1,3,9,3.56,3.190476,71.0,29.0
1041,3,4,6,1,1,2,2,1,3,10,3.54,2.907407,86.88,42.21
1042,3,2,6,2,2,1,2,1,3,4,1.53125,0.0,71.0,24.0
1043,3,4,6,1,1,2,2,1,3,8,2.613636,2.87931,74.94,35.16
1044,1,2,6,2,1,1,2,1,1,9,0.76087,0.0,79.0,34.0
1045,1,2,6,2,2,1,2,1,1,9,2.642857,2.725,81.0,23.0
1046,1,2,6,2,1,1,1,1,2,9,3.090909,2.772727,83.0,32.0
1047,1,2,6,2,1,1,2,1,1,9,2.92,2.928571,79.0,26.0
1048,3,4,6,1,2,2,2,1,3,7,3.456522,2.557692,85.86,41.68
1049,3,4,6,2,2,2,2,1,3,10,4.195652,3.825,87.12,49.0
1050,1,2,6,2,2,1,2,1,1,9,2.380952,2.130435,78.0,31.0
1051,3,2,6,2,2,1,2,2,7,8,3.421053,3.0221431400000016,88.58,45.0
1052,1,2,6,2,1,1,2,1,1,9,3.75,3.694444,84.0,42.0
1053,1,2,6,2,2,1,2,1,1,9,1.0,1.25,81.0,27.0
1054,3,4,6,1,2,2,1,2,3,10,3.804348,3.519231,86.45,41.32
1055,1,2,6,2,1,1,2,1,1,9,3.880952,3.568182,89.0,38.0
1056,3,2,6,2,1,1,2,1,1,7,1.305556,0.9649929800000002,75.0,44.0
1057,3,4,6,2,1,2,2,1,3,8,0.0,0.0,70.2,38.29
1058,3,4,6,2,1,2,2,0,1,8,2.86,2.375,74.63,19.0
1059,1,2,6,2,2,1,2,1,1,7,1.809524,1.619048,78.0,23.0
1060,3,4,6,1,2,2,2,2,4,10,3.934783,3.72,85.83,43.34
1061,3,4,6,1,2,2,2,1,3,7,3.194444,3.519231,84.35,41.45
1062,3,4,6,2,1,2,2,1,1,8,3.568182,2.931818,83.59,41.0
1063,3,4,6,1,2,2,2,2,4,8,3.475,3.681818,87.33,38.0
1064,3,4,6,1,2,2,2,2,3,8,2.73913,2.307692,75.34,34.24
1065,3,4,6,2,2,2,2,2,1,8,1.782609,1.891304,73.71,43.0
1066,1,2,6,2,1,1,2,2,3,7,2.657895,0.3,88.0,25.0
1067,1,2,6,2,2,1,2,1,3,9,0.315789,0.044825979999999994,55.0,22.0
1068,1,2,6,2,2,1,1,2,4,9,2.2,2.59375,71.24,27.0
1069,3,4,6,1,2,2,2,1,3,8,2.5,3.045455,73.14,33.76
1070,3,4,6,2,1,2,1,2,4,9,0.0,2.636364,74.8,48.0
1071,3,4,6,2,2,2,1,1,1,10,3.175,3.522727,77.47,16.0
1072,3,2,6,2,2,1,2,1,2,4,3.94,2.695652,78.0,48.0
1073,1,2,6,2,2,1,1,2,3,9,3.666667,3.166667,79.0,20.0
1074,1,2,6,2,2,1,2,0,2,9,0.0,0.0,57.49,21.0
1075,1,4,6,1,1,2,1,2,4,9,3.891304,4.019231,90.91,37.5
1076,1,2,6,2,2,1,1,1,1,9,4.0,3.904762,94.0,39.89
1077,3,4,6,1,2,2,2,1,3,3,2.947368,2.586957,78.72,34.9
1078,1,2,6,2,1,1,2,1,2,8,2.642857,0.0,69.0,43.0
1079,3,4,6,2,1,2,1,1,3,8,4.23913,4.357143,92.07,50.0
1080,1,2,6,2,2,1,2,1,1,9,0.0,0.0,67.0,31.0
1081,1,2,6,2,2,1,2,1,1,9,3.368421,3.12,79.0,27.77
1082,3,4,6,1,2,2,2,2,3,8,3.266667,2.44,80.06,31.84
1083,3,4,6,2,2,2,2,1,2,8,3.236842,2.763158,76.81,22.0
1084,1,2,6,2,2,1,2,1,2,3,1.928571,2.043478,68.0,11.0
1085,1,2,6,2,1,1,1,1,2,9,2.0,1.210526,74.0,24.0
1086,3,4,6,2,2,2,2,1,3,8,2.470588,2.18,73.23,22.0
1087,1,2,6,2,1,1,2,2,2,9,3.227273,3.130435,89.0,30.0
1088,1,2,6,2,2,1,2,1,1,9,0.0,0.0,73.0,32.0
1089,1,8,6,2,2,1,1,0,6,8,3.630435,3.833333,89.08,46.0
1090,3,4,6,2,2,2,2,1,3,7,2.727273,2.295455,74.41,31.0
1091,3,4,6,2,2,2,2,1,3,8,2.190476,1.411765,64.9,18.0
1092,1,2,6,2,1,1,2,1,2,8,3.119048,3.041667,74.0,36.0
1093,1,2,6,2,2,1,1,1,1,3,1.03125,0.666667,74.0,18.0
1094,1,2,6,2,1,1,2,2,3,9,0.0,2.125,71.0,19.0
1095,3,5,6,2,1,2,1,1,3,10,4.357143,3.886364,94.27,49.0
1096,3,4,6,1,2,2,2,2,2,8,3.675,3.5,83.0,40.35
1097,3,4,6,2,2,2,2,1,2,9,0.0,0.0,74.03,48.0
1098,3,4,6,1,2,2,2,1,3,10,2.6,2.605263,78.61,39.84
1099,1,2,6,2,2,1,1,1,3,9,2.826087,1.725,71.0,17.0
1100,3,2,6,2,2,1,2,1,2,4,1.192308,1.214286,52.0,29.0
1101,3,4,6,1,2,2,2,1,3,10,2.894737,2.46,78.53,34.74
1102,3,4,6,1,2,2,2,2,3,4,3.391304,3.1,84.35,42.1
1103,3,4,6,1,1,2,2,1,4,9,3.395833,3.478261,87.66,44.55
1104,3,4,6,1,1,2,2,2,3,10,3.04,2.590909,81.65,42.64
1105,3,4,6,1,2,2,1,1,3,7,3.675,3.931818,87.77,46.36
1106,3,4,6,2,2,2,1,2,3,4,2.04,1.875,70.06,24.0
1107,1,2,6,2,1,1,2,1,2,9,3.595238,3.340909,79.0,34.0
1108,3,4,6,1,2,2,2,2,3,10,3.961538,4.108696,93.16,47.41
1109,1,2,6,2,2,1,1,1,1,9,3.23913,3.527778,96.0,27.0
1110,1,2,6,2,2,1,2,1,2,9,4.076923,3.108696,92.0,45.0
1111,1,2,6,1,2,1,2,2,3,9,4.403846,4.434783,95.17,41.14
1112,1,2,6,2,2,1,2,1,2,9,0.0,0.0,67.0,26.0
1113,3,4,6,2,2,2,2,1,1,8,3.854167,3.791667,89.94,49.0
1114,3,4,6,1,2,2,2,1,3,8,0.0,0.02636364,71.92,42.09
1115,1,2,6,2,2,1,1,2,3,9,4.166667,4.111111,94.0,35.07
1116,1,2,6,2,1,1,2,1,3,9,4.28,4.340909,72.0,42.0
1117,1,2,6,2,1,1,2,1,1,9,1.676471,1.733333,81.0,31.0
1118,1,2,6,2,2,1,2,1,1,8,1.9,2.071429,73.53,22.0
1119,1,2,6,2,1,1,2,1,1,9,3.795455,3.5319750400000016,85.0,38.1
1120,1,2,6,2,2,1,2,1,1,7,0.25,0.0,67.0,22.0
1121,3,4,6,1,2,2,1,2,3,4,3.979167,3.589286,86.27,42.52
1122,1,2,6,2,1,1,2,1,1,3,2.26,1.8,80.0,22.0
1123,1,2,6,2,2,1,2,1,3,9,3.3,3.275,77.0,16.0
1124,1,1,6,2,1,1,2,1,1,9,2.978261,2.134615,88.0,27.0
1125,3,4,6,1,2,2,1,2,4,8,3.475,3.454545,87.62,43.92
1126,3,4,6,2,2,2,2,1,4,8,3.6,3.775,87.29,44.24
1127,3,4,6,1,2,2,1,2,2,9,4.086957,3.94,92.83,46.71
1128,3,4,6,2,2,2,2,2,1,4,1.676471,2.678571,65.56,12.0
1129,1,2,6,2,2,1,1,1,3,9,4.354167,4.340909,96.0,41.0
1130,1,2,6,2,1,1,2,2,4,9,3.131579,2.0,68.0,13.0
1131,1,2,6,2,1,1,2,1,2,7,3.431818,1.795455,78.0,21.0
1132,3,4,6,1,2,2,2,2,3,8,3.043478,3.08,80.82,33.96
1133,1,2,6,2,2,1,2,1,2,7,2.32,2.45,81.0,30.0
1134,1,2,6,2,2,1,2,1,1,9,0.48,1.26905644,70.0,24.0
1135,3,4,6,1,2,2,1,1,3,9,3.333333,3.46,85.71,40.9
1136,1,2,6,2,1,1,1,2,2,9,3.105263,2.666667,82.0,30.14
1137,3,4,6,2,2,2,1,1,3,4,3.568182,2.826923,77.96,31.0
1138,1,2,6,2,1,1,2,2,3,10,3.309524,2.868421,84.83,30.0
1139,3,8,6,2,2,1,2,1,6,8,3.979167,4.227273,84.0,48.0
1140,1,2,6,2,2,1,2,2,2,7,2.204545,2.347826,69.16,18.0
1141,1,1,6,2,1,1,2,1,2,7,2.880952,2.47619,68.0,21.0
1142,1,2,6,2,2,1,2,1,2,7,2.454545,1.84375,72.0,31.0
1143,1,2,6,2,1,1,2,1,1,9,4.434783,4.5,93.0,44.0
1144,1,2,6,1,2,1,1,2,6,8,3.659091,3.526316,85.31,37.55
1145,3,4,6,1,1,2,1,2,3,10,4.217391,4.270833,94.2,48.11
1146,3,4,6,2,2,2,1,1,2,7,4.369565,4.357143,92.83,49.0
1147,1,2,6,2,2,1,2,1,1,7,3.56,1.309524,83.0,24.0
1148,3,4,6,1,1,2,2,2,3,10,3.869565,3.291667,85.53,43.52
1149,3,4,6,2,2,2,2,1,3,4,2.825,3.595238,81.44,46.0
1150,3,4,6,1,2,2,1,1,3,7,3.8,3.795455,92.13,46.55
1151,3,4,6,2,1,2,1,1,2,8,2.833333,2.28,84.0,48.0
1152,3,4,6,2,2,2,2,1,1,4,3.608696,2.630435,86.87,44.0
1153,3,4,6,1,2,2,2,2,3,10,2.916667,3.416667,77.41,34.0
1154,3,4,6,1,2,2,2,2,3,8,2.934783,2.846154,79.97,33.11
1155,1,4,6,1,2,2,2,2,4,8,3.090909,2.981481,79.92,30.48
1156,3,4,6,1,2,2,2,1,3,7,2.047619,2.404762,71.13,36.28
1157,3,4,6,2,2,2,2,2,1,7,3.630435,4.02381,87.91,45.0
1158,1,2,6,2,2,1,2,2,3,7,1.5,2.545455,80.0,25.0
1159,3,2,6,1,2,1,1,2,5,8,2.913043,3.173077,78.61,31.9
1160,1,2,6,2,2,1,2,1,1,7,2.547619,2.0,68.68,14.0
1161,1,2,6,2,1,1,2,2,2,9,3.5,3.022727,80.0,22.0
1162,3,4,6,2,2,2,1,2,1,8,3.238095,3.230769,79.51,32.0
1163,3,4,6,1,2,2,2,2,3,8,3.270833,3.410714,83.8,41.84
1164,3,4,6,1,2,2,2,1,3,8,3.8125,3.84,92.8,47.31
1165,1,2,6,2,2,1,2,2,2,9,0.0,0.015,67.0,27.52
1166,3,4,6,2,2,2,2,1,2,10,2.5,2.51024934,83.01,47.0
1167,3,2,6,2,2,1,2,1,2,4,2.318182,1.552632,78.0,23.0
1168,3,4,6,2,2,2,1,2,1,8,4.021739,3.952381,88.69,43.0
1169,1,2,6,2,1,1,2,1,2,7,0.285714,0.11911490000000001,93.0,23.0
1170,1,8,6,2,2,1,2,0,7,10,4.363636,4.184211,82.75,39.0
1171,1,2,6,2,1,1,1,0,2,9,4.052632,3.222222,87.0,38.0
1172,1,2,6,2,1,1,2,0,4,7,3.380952,2.840909,91.0,48.0
1173,3,4,6,1,2,2,2,1,3,7,2.5,2.452381,73.84,32.72
1174,1,2,6,2,2,1,2,1,4,9,4.309524,4.357143,84.0,43.0
1175,3,4,6,1,2,2,2,1,4,8,1.75,1.071429,67.52,27.97
1176,1,2,6,2,2,1,1,2,3,9,2.964286,3.111111,86.0,34.12
1177,3,2,6,2,1,1,2,1,3,4,3.368421,2.152174,74.0,24.0
1178,3,4,6,2,1,2,2,1,2,8,3.26087,2.857143,85.29,45.0
1179,3,4,6,2,2,2,1,2,1,8,1.0,1.380952,69.87,26.0
1180,1,2,6,2,1,1,1,1,2,9,0.375,0.0,63.0,22.0
1181,1,1,6,2,1,1,2,1,1,9,3.28,3.166667,90.0,31.0
1182,3,4,6,2,2,2,2,2,1,10,1.477273,1.5,70.76,15.0
1183,3,2,6,2,2,1,1,0,2,7,2.357143,2.45,86.0,30.0
1184,1,2,6,2,2,1,2,1,2,9,4.045455,4.236842,92.0,38.0
1185,1,2,6,2,2,1,1,2,3,9,4.0,3.666667,86.0,33.56
1186,3,4,6,2,2,2,2,1,1,8,0.0,0.07363071,74.58,45.0
1187,3,4,6,1,2,2,1,2,3,8,3.6,3.022727,85.66,40.87
1188,3,4,6,1,2,2,2,1,4,4,3.571429,2.477273,82.85,40.46
1189,1,2,6,2,1,1,2,0,7,9,3.852941,4.029412,80.35,34.0
1190,3,4,6,2,2,2,2,2,1,10,1.964286,2.868421,74.77,44.0
1191,3,4,6,2,2,2,2,1,3,10,4.285714,3.964286,86.0,47.0
1192,3,4,6,2,1,2,2,1,2,10,3.4,3.096154,87.98,46.0
1193,1,2,6,2,2,1,2,1,3,9,2.25,1.63738888,59.0,20.0
1194,1,2,6,2,1,1,1,1,3,9,3.204545,3.875,72.03,23.0
1195,3,4,6,1,2,2,2,1,4,10,3.543478,3.538462,83.36,35.0
1196,3,4,6,1,1,2,2,1,3,7,3.76,2.98,86.87,44.19
1197,1,2,6,1,1,1,2,2,3,9,4.23913,4.021739,107.0,33.2
1198,1,2,6,2,1,1,1,2,3,9,3.619048,3.565217,88.0,33.0
1199,1,2,6,2,2,1,2,2,8,10,3.863636,3.840909,87.25,37.77
1200,1,2,6,2,2,1,2,1,2,9,2.25,1.3711518800000007,75.0,34.0
1201,3,4,6,1,2,2,2,1,3,7,2.472222,2.547619,73.92,32.01
1202,1,2,6,2,2,1,2,1,1,9,1.605263,1.8037004300000004,78.0,22.0
1203,1,2,6,2,2,1,2,1,1,9,2.941176,0.78125,68.0,22.34
1204,3,4,6,2,2,2,2,1,2,8,3.613636,2.795455,88.0,46.0
1205,3,4,6,2,2,2,2,2,1,9,3.375,3.047619,88.35,48.0
1206,3,4,6,1,2,2,2,2,3,10,3.413043,2.98,85.88,42.97
1207,3,4,6,2,2,2,2,2,1,8,3.847826,3.652174,87.26,47.0
1208,1,1,6,2,1,1,2,2,3,9,3.62,4.145833,83.06,30.0
1209,1,2,6,2,2,1,2,1,2,7,1.736842,0.0,64.0,19.0
1210,3,4,6,1,2,2,2,2,3,8,3.652174,3.454545,84.0,41.14
1211,1,2,6,2,2,1,2,2,5,9,1.52381,1.445048489999999,70.51,36.0
1212,1,2,6,2,2,1,2,1,1,9,1.961538,0.0,72.0,33.0
1213,1,2,6,2,2,1,2,1,2,7,2.214286,1.576336820000001,67.0,17.0
1214,1,2,6,1,1,1,2,2,4,10,4.391304,4.192308,92.0,42.26
1215,1,2,6,2,2,1,2,1,1,3,0.42,1.1045176900000002,60.0,21.21
1216,1,9,6,2,2,1,2,0,7,9,3.057692,3.4,67.0,31.0
1217,3,4,6,1,2,2,1,2,3,8,2.608696,2.403846,72.41,23.0
1218,3,4,6,2,2,2,1,1,2,3,1.833333,0.75,64.69,16.0
1219,1,2,6,2,2,1,1,2,3,10,4.095238,4.333333,97.0,38.15
1220,1,2,6,2,2,1,1,1,1,9,4.021739,3.694444,86.0,37.0
1221,1,2,6,2,2,1,2,1,1,9,3.52,1.85,89.0,38.0
1222,1,2,6,1,2,1,2,2,4,9,4.304348,4.24,89.84,41.36
1223,1,2,6,2,2,1,2,0,1,7,1.307692,1.15,63.0,18.0
1224,1,2,6,2,2,1,2,1,1,10,0.97619,1.111111,60.0,21.53
1225,1,2,6,2,2,1,2,2,4,9,3.913043,4.131579,84.0,24.0
1226,3,4,6,1,1,2,2,2,9,10,3.645833,3.590909,86.74,42.16
1227,3,4,6,1,2,2,2,1,3,7,3.304348,2.403846,80.48,34.48
1228,3,4,6,1,2,2,2,2,3,8,4.153846,4.021739,92.56,48.0
1229,1,2,6,2,2,1,2,1,2,7,2.214286,1.638889,61.0,23.0
1230,1,2,6,2,1,1,2,1,1,7,2.263158,1.863636,63.0,16.0
1231,3,4,6,2,1,2,1,0,2,4,2.425,2.565217,62.0,37.0
1232,3,4,6,1,1,2,2,1,3,10,3.4375,3.192308,86.83,42.89
1233,3,4,6,1,1,2,2,1,3,9,2.477273,1.54,74.61,30.75
1234,3,4,6,1,2,2,2,1,3,10,3.847826,2.826923,85.49,43.65
1235,3,2,6,1,2,1,2,2,5,8,3.630435,3.769231,95.0,44.79
1236,1,2,6,2,2,1,2,1,2,7,0.78,0.7768189299999997,58.0,25.0
1237,3,4,6,1,2,2,1,1,3,9,4.0,3.5,86.68,43.41
1238,3,4,6,1,2,2,2,1,3,10,3.477273,3.596154,88.48,44.19
1239,1,2,6,2,2,1,2,1,2,9,1.913043,3.25,76.0,35.0
1240,1,2,6,2,1,1,2,1,6,3,1.352941,2.464286,62.0,22.0
1241,3,4,6,1,2,2,2,2,4,8,3.0,3.16,80.25,33.15
1242,3,4,6,2,1,2,2,1,2,8,1.928571,2.807692,67.0,44.0
1243,1,2,6,2,1,1,2,2,5,9,4.363636,4.431818,86.61,47.0
1244,3,4,6,1,1,2,1,1,3,8,3.037037,3.204545,83.63,42.86
1245,1,2,6,2,2,1,2,1,2,9,2.947368,2.388889,76.0,16.0
1246,1,2,6,2,2,1,2,1,2,7,2.46875,1.5535443099999993,70.0,25.18
1247,1,2,6,2,2,1,2,1,3,9,2.552632,1.615385,78.0,29.0
1248,1,2,6,2,1,1,2,1,1,9,4.090909,4.0,90.0,31.0
1249,3,4,6,2,2,2,2,2,1,8,3.5625,3.729167,89.46,47.0
1250,3,2,6,2,2,1,2,0,4,4,0.52,1.5604096599999995,60.0,32.0
1251,3,4,6,2,1,2,2,1,2,8,2.0,0.0,72.11,46.0
1252,1,2,6,2,2,1,2,0,4,3,0.0,1.727273,89.0,14.0
1253,1,2,6,2,2,1,2,1,2,9,3.525,3.021739,88.0,36.0
1254,3,4,6,1,2,2,2,2,3,8,2.75,3.0,75.12,35.79
1255,3,2,6,2,2,1,2,1,2,8,2.916667,2.35,78.0,40.0
1256,1,2,6,2,1,1,2,1,1,9,3.608696,3.611111,85.0,40.0
1257,1,2,6,2,2,1,2,1,2,9,2.657895,1.5625,73.0,27.0
1258,3,4,6,2,1,2,2,1,4,8,0.5,2.5,71.66,40.83
1259,1,2,6,1,1,1,1,2,3,9,4.347826,4.06,102.0,38.9
1260,3,4,6,1,2,2,2,1,3,10,2.86,2.375,77.46,34.04
1261,3,4,6,2,1,2,1,1,2,9,3.347826,3.263158,75.69,21.0
1262,1,2,6,2,2,1,2,1,1,9,2.52381,2.1351194399999986,84.0,35.0
1263,1,2,6,2,1,1,1,1,1,7,2.8,2.75,86.0,20.0
1264,1,2,6,2,2,1,2,1,1,8,3.547619,3.022727,84.0,21.0
1265,3,4,6,1,2,2,2,1,3,10,2.681818,2.340909,78.04,39.08
1266,3,2,6,2,2,1,2,1,2,4,3.25,2.673077,71.0,36.0
1267,1,2,6,2,2,1,2,1,2,7,3.645833,2.717391,67.0,23.0
1268,1,2,6,2,1,1,2,1,2,3,0.0,0.54363638,72.0,14.0
1269,1,2,6,2,2,1,2,1,1,7,1.62,1.5,75.0,19.0
1270,3,4,6,1,2,2,2,1,3,9,3.895833,2.86,85.86,43.28
1271,3,2,6,2,1,1,2,0,3,8,1.125,2.0,63.88,36.0
1272,1,2,6,1,2,1,2,2,3,9,4.019231,4.23913,103.0,33.92
1273,1,2,6,2,1,1,1,1,3,9,2.96,3.26,83.0,47.0
1274,1,2,6,2,2,1,2,1,2,9,2.547619,0.25,75.0,35.0
1275,3,4,6,1,2,2,2,2,3,10,3.1875,3.634615,85.5,42.55
1276,3,2,6,2,2,1,2,1,2,9,0.0,0.0,77.0,39.0
1277,1,2,6,2,1,1,2,1,3,9,3.931818,3.956522,69.0,30.26
1278,1,2,6,2,2,1,1,2,3,9,3.909091,3.604167,84.0,38.0
1279,3,4,6,2,2,2,1,1,2,4,1.782609,2.138889,63.06,13.0
1280,1,2,6,2,1,1,2,0,4,10,1.388889,1.111111,64.65,39.0
1281,3,4,6,1,2,2,1,2,3,10,3.804348,3.645833,87.0,41.4
1282,3,8,6,2,2,1,2,0,8,10,3.583333,2.526316,94.97,49.0
1283,1,2,6,2,2,1,2,1,2,7,1.119048,0.785714,63.0,35.0
1284,1,2,6,2,1,1,1,1,1,7,0.0,0.04222728,64.0,18.0
1285,3,4,6,2,2,2,2,1,2,8,2.173913,2.157895,72.26,36.0
1286,3,4,6,1,2,2,2,2,3,4,2.333333,1.972222,75.06,33.8
1287,1,2,6,2,2,1,2,2,3,10,2.142857,1.947368,73.36,33.0
1288,3,2,6,2,2,1,2,0,3,4,2.642857,2.181818,44.0,25.33
1289,3,4,6,1,2,2,1,1,3,3,2.92,3.240741,80.14,28.59
1290,3,4,6,1,1,2,2,1,3,9,2.409091,3.365385,75.64,36.69
1291,3,2,6,2,1,1,1,1,2,7,3.309524,2.847826,71.0,29.0
1292,3,4,6,2,2,2,2,0,2,4,4.5,4.384615,94.05,46.0
1293,3,4,6,1,2,2,2,2,3,8,2.583333,2.865385,72.56,32.87
1294,1,2,6,2,2,1,1,0,3,9,2.947368,3.111111,80.02,27.0
1295,3,2,6,2,2,1,2,1,2,7,2.9,2.4,71.0,29.0
1296,1,2,6,2,2,1,2,1,1,9,2.975,2.75,79.0,29.0
1297,1,2,6,2,1,1,2,2,3,7,3.652174,3.62,68.0,29.0
1298,3,4,6,2,2,2,2,1,1,4,3.575,3.952381,92.33,49.0
1299,1,2,6,2,2,1,2,0,3,3,2.0,1.863636,61.25,14.0
1300,1,2,6,2,2,1,2,1,1,9,0.97619,0.0,74.0,45.0
1301,1,2,6,2,1,1,2,1,4,9,3.0763665700000007,2.642173480000002,108.0,49.0
1302,1,2,6,2,1,1,2,1,1,9,2.0,1.909091,70.0,38.0
1303,3,2,6,2,2,1,1,1,3,10,2.55,3.294118,79.0,21.0
1304,3,4,6,1,2,2,1,1,3,8,2.083333,2.019231,73.14,34.87
1305,1,2,6,2,2,1,2,1,1,9,2.263158,2.251869879999999,83.0,23.0
1306,1,2,6,2,2,1,2,1,1,9,3.977273,4.043478,92.0,43.0
1307,1,2,6,2,2,1,2,1,1,8,1.269231,0.266667,62.0,16.0
1308,1,2,6,1,1,1,2,2,5,9,4.173913,4.02,91.5,37.98
1309,1,2,6,2,2,1,2,1,1,3,1.863636,2.428571,64.0,11.0
1310,1,2,6,2,2,1,2,1,2,10,3.380952,2.5,97.0,19.0
1311,3,4,6,1,2,2,2,2,3,8,3.543478,3.692308,86.9,41.26
1312,1,2,6,2,2,1,2,1,1,9,4.363636,3.736842,96.0,28.0
1313,1,4,6,1,1,2,1,2,3,8,2.978261,2.769231,78.31,28.0
1314,1,2,6,2,2,1,1,2,4,9,4.214286,3.772727,92.0,43.0
1315,1,2,6,2,2,1,2,1,1,9,0.0,0.0,68.0,23.0
1316,3,2,6,2,1,1,2,1,2,3,1.78725003,1.4086468699999994,60.0,13.0
1317,1,2,6,2,1,1,2,1,2,9,4.2,3.631579,90.0,35.0
1318,3,4,6,1,2,2,1,1,3,7,3.565217,3.403846,86.52,41.87
1319,1,2,6,2,1,1,1,2,3,9,3.94,4.022727,87.27,25.0
1320,3,4,6,2,2,2,2,2,2,7,0.0,0.06980114,75.22,39.95
1321,3,4,6,1,2,2,2,0,4,7,0.0,1.3011731700000002,58.12,35.99
1322,3,8,6,2,2,1,2,0,3,7,0.0,0.0,45.59,16.0
1323,3,2,6,2,1,1,2,1,3,9,4.09375,1.022727,77.0,44.0
1324,3,4,6,1,2,2,2,2,3,10,0.5,1.3022425200000003,66.77,24.11
1325,3,4,6,2,2,2,2,2,2,10,4.282609,4.027778,86.65,45.0
1326,1,2,6,1,2,1,2,2,4,9,4.369565,4.461538,96.0,42.85
1327,3,4,6,2,2,2,2,1,1,8,1.647059,1.869565,72.5,34.0
1328,3,4,6,1,2,2,1,2,3,7,1.176471,1.1124784600000002,68.07,25.98
1329,1,2,6,2,1,1,2,1,2,7,0.0,0.0,67.0,34.0
1330,1,2,6,2,2,1,2,1,3,7,0.18,0.0,54.0,17.0
1331,3,2,6,2,1,1,2,2,6,8,4.261905,3.704545,86.05,49.0
1332,1,2,6,2,1,1,1,2,3,9,2.7,1.944444,90.0,37.0
1333,3,2,6,2,2,1,2,1,2,4,2.454545,1.695652,73.0,35.0
1334,1,2,6,2,2,1,2,1,1,9,3.526316,3.1,79.0,30.02
1335,1,2,6,2,2,1,2,1,1,9,1.82,2.777778,57.0,18.82
1336,3,4,6,2,2,2,1,2,2,4,2.0,0.0,69.75,22.0
1337,1,2,6,2,2,1,2,1,2,9,1.676471,2.6,67.0,23.04
1338,1,2,6,2,2,1,2,1,1,7,2.1,1.75,72.0,21.0
1339,3,4,6,1,2,2,2,2,3,10,3.673077,3.782609,90.68,46.23
1340,1,2,6,2,1,1,2,1,4,9,4.5,4.442522809999999,90.0,42.0
1341,3,4,6,2,2,2,2,1,2,7,2.117647,1.9,70.27,28.0
1342,3,4,6,2,2,2,2,1,3,1,0.0,0.4245673600000001,69.12,42.0
1343,3,4,6,2,2,2,2,2,2,8,1.933333,2.770833,71.12,34.0
1344,3,4,6,1,2,2,2,2,3,10,2.173913,3.02381,74.69,36.22
1345,3,4,6,2,2,2,2,2,5,8,2.65,2.275,71.79,31.55
1346,1,1,6,2,1,1,2,1,1,7,1.173913,0.9795131700000002,71.0,15.0
1347,3,2,6,2,2,1,2,0,2,7,2.526316,2.368421,75.0,25.0
1348,1,2,6,2,2,1,2,1,1,7,1.55,2.184211,76.0,28.0
1349,3,2,6,2,1,1,2,2,5,8,3.869565,3.071429,79.78,34.0
1350,1,2,6,2,2,1,2,1,3,9,4.136364,3.804348,75.0,48.0
1351,3,4,6,2,2,2,2,1,3,4,4.065217,3.217391,82.77,48.0
1352,3,4,6,1,2,2,2,1,3,8,4.38,4.26087,91.33,47.94
1353,3,4,6,1,2,2,1,2,4,8,3.4,3.386364,85.58,41.46
1354,1,2,6,2,1,1,2,2,3,9,4.25,4.090909,91.0,30.0
1355,1,2,6,2,2,1,2,2,3,7,2.547619,2.2092367799999995,74.0,13.0
1356,3,4,6,1,2,2,2,2,3,4,1.725,1.75,72.29,36.47
1357,1,2,6,2,2,1,2,1,2,7,2.1,1.428571,69.0,27.0
1358,3,4,6,2,2,2,2,2,2,8,1.884615,0.882353,71.98,28.0
1359,3,4,6,2,1,2,1,1,1,8,3.521739,3.47619,84.54,36.0
1360,3,4,6,1,2,2,1,1,3,10,0.0,0.37670779,68.92,32.29
1361,1,2,6,2,2,1,2,2,4,10,3.704545,3.263158,86.08,32.0
1362,3,4,6,1,2,2,2,2,3,10,3.586957,3.38,86.21,43.78
1363,1,2,6,2,1,1,2,1,2,9,2.3259966100000002,2.3234020799999993,85.0,29.2
1364,1,8,6,1,1,1,2,2,7,10,2.190476,2.62,74.22,40.0
1365,3,2,6,2,1,1,2,1,7,4,1.972222,2.1875,71.0,29.39
1366,1,2,6,2,2,1,2,2,3,9,3.75,3.76087,83.61,33.0
1367,3,4,6,2,1,2,2,1,2,8,0.0,0.08880114,80.64,42.0
1368,3,4,6,1,1,2,2,1,3,10,3.833333,3.980769,93.4,47.75
1369,1,2,6,2,1,1,1,2,4,9,3.869565,3.909091,83.75,26.0
1370,1,2,6,2,2,1,2,1,1,7,2.75,3.0,78.0,21.0
1371,1,2,6,2,1,1,1,2,3,9,4.369565,4.5,88.0,34.0
1372,1,2,6,1,2,1,2,2,4,8,4.25,4.0,92.45,37.34
1373,1,2,6,2,1,1,1,0,4,9,2.714286,3.027778,77.0,25.0
1374,3,2,6,2,2,1,2,1,2,4,2.5,2.4,72.0,36.0
1375,1,2,6,2,1,1,1,1,1,10,0.5,1.22613064,66.0,15.0
1376,3,4,6,1,2,2,1,2,3,10,2.6,2.619048,78.12,30.5
1377,3,4,6,1,2,2,2,2,3,4,2.725,2.659091,73.94,33.52
1378,3,4,6,1,2,2,2,2,3,8,3.347826,3.18,84.65,42.97
1379,1,2,6,2,2,1,2,1,3,9,3.21875,2.058824,59.0,21.0
1380,1,2,6,2,2,1,2,1,1,9,2.1875,1.5,72.0,22.0
1381,1,2,6,2,2,1,2,1,2,9,3.613636,3.157895,91.0,48.0
1382,1,2,6,2,2,1,1,1,1,9,2.642857,2.75,75.0,35.0
1383,3,4,6,1,2,2,2,1,3,7,1.275,0.42,68.37,35.87
1384,3,4,6,2,2,2,2,1,1,4,3.411765,3.904762,86.24,47.0
1385,3,4,6,1,2,2,2,1,3,7,3.333333,3.673077,85.04,41.77
1386,1,2,6,2,1,1,2,1,1,9,1.833333,3.3125,89.0,22.0
1387,3,4,6,2,2,2,2,1,2,4,0.846154,2.25,74.1,49.0
1388,3,4,6,1,2,2,1,1,3,9,3.05,2.547619,81.41,41.73
1389,1,2,6,2,2,1,2,0,3,7,1.095238,1.08817353,58.52,20.0
1390,1,2,6,2,1,1,2,1,1,9,2.605263,1.222222,77.0,30.0
1391,1,2,6,2,2,1,2,0,2,9,0.0,0.0,63.0,24.0
1392,3,4,6,2,2,2,2,1,2,8,3.48,3.413043,86.88,42.0
1393,3,2,6,2,1,1,2,2,7,8,3.166667,2.777778,86.5,45.0
1394,1,2,6,2,2,1,2,1,2,9,0.0,0.0,67.0,27.0
1395,3,4,6,1,1,2,2,1,4,10,3.92,3.942308,90.62,47.31
1396,1,2,6,2,1,1,2,2,3,9,2.659091,2.272727,78.0,27.66
1397,1,2,6,2,1,1,1,1,1,8,2.305556,1.5,75.0,22.6
1398,1,8,6,2,2,1,2,0,8,7,2.92,2.3266528699999993,67.95,21.0
1399,1,2,6,2,2,1,2,1,4,9,0.0,1.4826857399999989,85.0,33.62
1400,1,2,6,2,1,1,2,2,4,7,2.921053,2.588235,56.0,28.0
1401,1,2,6,2,2,1,2,1,1,9,0.0,0.0,65.0,19.0
1402,1,2,6,2,2,1,2,1,1,9,3.065217,3.066667,78.0,22.0
1403,3,4,6,2,2,2,2,0,4,10,2.333333,1.74,75.82,37.0
1404,1,2,6,2,1,1,1,2,5,9,2.21875,2.775,61.0,19.0
1405,3,4,6,1,2,2,2,2,3,10,4.130435,3.88,93.43,47.25
1406,3,4,6,1,2,2,2,2,3,8,3.75,2.910714,86.71,43.44
1407,3,2,6,2,1,1,2,2,2,4,1.394737,0.631579,72.0,24.0
1408,1,2,6,2,2,1,1,2,5,4,3.452381,3.636364,87.7,39.0
1409,3,4,6,2,2,2,2,1,4,9,3.5,3.386364,96.24,49.0
1410,1,2,6,2,1,1,2,1,2,9,1.645833,0.0,83.0,42.0
1411,3,4,6,2,2,2,2,2,3,8,2.325,2.575,74.13,33.29
1412,1,2,6,2,2,1,2,2,4,9,2.115201840000001,1.5290496900000001,70.95,25.0
1413,1,2,6,2,2,1,2,1,6,9,2.522727,0.0,72.0,39.0
1414,1,8,6,2,1,1,2,2,7,8,4.2,4.375,81.47,50.0
1415,1,8,6,2,2,1,1,0,7,9,0.391304,1.5395897999999997,69.0,33.0
1416,1,2,6,2,2,1,2,1,2,7,3.22,1.875,77.0,35.0
1417,3,2,6,1,2,1,2,2,7,8,3.26087,3.096154,81.03,31.84
1418,3,4,6,2,2,2,2,2,2,8,2.391304,2.763158,65.7,13.0
1419,3,4,6,1,2,2,2,1,3,7,2.956522,1.82,78.88,37.81
1420,3,5,6,2,2,2,2,1,1,4,2.666667,2.52381,77.25,41.0
1421,1,8,6,2,2,1,2,1,5,9,4.0,4.333333,74.0,16.0
1422,1,2,6,2,2,1,2,1,2,7,0.652174,0.9510373399999998,78.0,31.0
1423,3,4,6,1,2,2,2,1,3,9,2.891304,2.846154,79.03,35.51
1424,1,2,6,2,2,1,2,1,1,7,3.25,2.413043,81.0,28.78
1425,1,2,6,2,1,1,2,1,3,9,1.315789,0.0,64.0,28.0
1426,1,2,6,2,2,1,2,2,3,7,3.738095,2.9636096700000003,58.0,21.0
1427,1,2,6,1,2,1,1,2,3,9,3.675,3.5,96.0,37.19
1428,1,2,6,2,1,1,1,1,1,7,1.869565,2.375,73.0,23.0
1429,1,2,6,2,1,1,1,2,4,9,3.357143,3.347826,80.09,30.0
1430,3,4,6,2,2,2,2,2,2,8,3.695652,3.952381,87.84,42.0
1431,3,4,6,2,2,2,2,1,1,10,1.413043,0.0,69.69,47.0
1432,1,2,6,1,1,1,1,2,4,10,4.36,4.074074,93.53,41.9
1433,1,2,6,2,1,1,2,1,1,9,2.020833,2.45,78.0,18.0
1434,3,4,6,2,1,2,1,1,2,8,4.021739,4.357143,89.93,46.0
1435,1,2,6,2,2,1,1,1,1,9,2.133333,3.205882,81.0,27.0
